taxon,specimen,ITS,psbA_trnH,psbJ_petA,rbcL,trnL_trnF,ycf1,trnT_trnL,ncpGS,trnS_trnG,Nmarker,Kmarker,duplicate
Ackama_rosifolia,UnknownN,DQ499074,NA,NA,NA,NA,NA,NA,NA,NA,1,TRUE,FALSE
Acrophyllum_australe,UnknownN,NA,NA,NA,AF291926,AF299221,NA,NA,NA,NA,2,FALSE,FALSE
Anodopetalum_biglandulosum,UnknownN,NA,NA,NA,AF291932,AF299228,NA,NA,NA,NA,2,FALSE,FALSE
Bauera_capitata,600400468,NA,ON594432,NA,ON594147,NA,NA,NA,NA,NA,2,FALSE,FALSE
Caldcluvia_paniculosa,UnknownN,DQ499068,NA,NA,NA,NA,NA,NA,NA,NA,1,TRUE,FALSE
Callicoma_serratifolia,CUN120,PQ778287,NA,NA,NA,NA,NA,NA,NA,NA,1,TRUE,FALSE
Ceratopetalum_apetalum,UnknownN,DQ499070,NA,NA,NA,NA,NA,NA,NA,NA,1,TRUE,FALSE
Codia_albicans,CUN121,NA,NA,NA,NA,PQ879016,NA,NA,NA,NA,1,FALSE,FALSE
Cunonia_balansae,CUN069,PQ778246,NA,NA,NA,PQ878973,NA,NA,NA,NA,2,TRUE,FALSE
Davidsonia_pruriens,Carlsen3197,OL536442,NA,NA,OL536852,NA,NA,NA,NA,NA,2,TRUE,FALSE
Eucryphia_cordifolia,CONC125000,OK052514,NA,NA,NA,NA,NA,NA,NA,NA,1,TRUE,FALSE
Geissois_pruinosa,CUN159,NA,NA,NA,NA,PQ879045,NA,NA,NA,NA,1,FALSE,FALSE
Gillbeea_adenopetala,UnknownN,NA,NA,NA,AF291927,AF299222,NA,NA,NA,NA,2,FALSE,FALSE
Hooglandia_ignambiensis,UnknownN,NA,NA,NA,ON594147,AY549640,NA,NA,NA,NA,2,FALSE,FALSE
Karrabina_biagiana,UnknownN,NA,NA,NA,NA,KF594404,NA,NA,NA,NA,1,FALSE,FALSE
Lamononia_ternata,Blum10-127,KF420994,NA,NA,NA,NA,NA,NA,NA,NA,1,TRUE,FALSE
Opocunonia_papuana,UnknownN,DQ499069,NA,NA,NA,NA,NA,NA,NA,NA,1,TRUE,FALSE
Pancheria_hirsuta,CUN132,PQ778260,NA,NA,NA,PQ878988,NA,NA,NA,NA,2,TRUE,FALSE
Platylophus_trifoliatus,UnknownN,NA,NA,NA,AF291933,AF299230,NA,NA,NA,NA,2,FALSE,FALSE
Pullea_stutzeri,WellsJ164-Pst,NA,NA,NA,NA,KC428593,NA,NA,NA,NA,1,FALSE,FALSE
Pseudoweinmannia_lanchnocarpa,UnknownN,NA,NA,NA,AF291925,AF299220,NA,NA,NA,NA,2,FALSE,FALSE
Schizomeria_ovata,UnknownN,NA,NA,NA,NA,AF299231,NA,NA,NA,NA,1,FALSE,FALSE
Spiraeanthemum_ellipticum,UnknownN,NA,NA,NA,AF291935,AF299232,NA,NA,NA,NA,2,FALSE,FALSE
Spiraeopsis_celebica,UnknownN,AF485641,NA,NA,AF291923,AF299217,NA,NA,NA,NA,3,TRUE,FALSE
Vesselowskya_rubifolia,CUN136,PQ778296,NA,NA,NA,PQ879030,NA,NA,NA,NA,2,TRUE,FALSE
Weinmannia_reticulata,CUN111,PQ778279,NA,NA,NA,PQ879007,NA,NA,NA,NA,2,TRUE,FALSE
Aceratium_ferrugineum,Harrington296,DQ448685,NA,NA,NA,DQ444681,NA,NA,NA,NA,2,TRUE,FALSE
Aristotelia_fruticosa,Chase781,DQ448662,NA,NA,NA,DQ444662,NA,NA,NA,NA,2,TRUE,FALSE
Crinodendron_patagua,AllenNSW605484,DQ448674,NA,NA,NA,DQ444666,NA,NA,NA,NA,1,TRUE,FALSE
Dubouzetia_campanulata,Crayn745,KJ675676,NA,NA,NA,DQ444667,NA,NA,NA,NA,2,TRUE,FALSE
Elaeocarpus_angustifolius,J315,KR532042,KR532886,NA,KR529191,NA,NA,NA,NA,NA,3,TRUE,FALSE
Peripentadenia_phelpsii,Crayn887,DQ448678,NA,NA,NA,DQ444671,NA,NA,NA,NA,2,TRUE,FALSE
Platytheca_galioides,Crayn701,EF095731,NA,NA,NA,NA,NA,NA,NA,NA,1,TRUE,FALSE
Sericolea_micans,Crayn536,KJ675672,NA,NA,NA,DQ444673,NA,NA,NA,NA,2,TRUE,FALSE
Sloanaea_syandra,UnknownN,OK052512,NA,NA,NA,NA,NA,NA,NA,NA,1,TRUE,FALSE
Tetratheca_hirsuta,Butcher915,EF095732,NA,NA,NA,EF095742,NA,NA,NA,NA,2,TRUE,FALSE
Tremandra_diffusa,Butcher961,DQ448672,NA,NA,NA,DQ444701,NA,NA,NA,NA,2,TRUE,FALSE
Vallea_stipularis,Chase654,DQ448665,NA,NA,NA,DQ444664,NA,NA,NA,NA,2,TRUE,FALSE
Brunellia_tomentosa,Orozco4123,OK052555,NA,NA,NA,NA,NA,NA,NA,NA,1,TRUE,FALSE
Brunellia_colombiana,Orozco4081,OK052538,NA,NA,NA,NA,NA,NA,NA,NA,1,TRUE,FALSE
Cephalotusfolliculares,UnknownN,U42516,NA,NA,NA,NA,NA,NA,NA,NA,1,TRUE,FALSE
Connarus_turczaninowii,STRI:Corteva-SJWright-RS01471,PX437777,NA,NA,NA,NA,NA,NA,NA,NA,1,TRUE,FALSE
Rourea_microphylla,DWQJM349,PQ564937,NA,NA,PQ332323,NA,NA,NA,NA,NA,2,TRUE,FALSE
Averrhoa_bilimbi,AVBIL,EU436862,NA,NA,NA,AJ582291,NA,NA,NA,EU437151,3,TRUE,FALSE
Averrhoa_carambola,AVCAR,EU436863,NA,NA,NA,EU437032,NA,NA,NA,EU437152,3,TRUE,FALSE
Biophytum_abyssinicum,BIOAB,EU436864,NA,NA,NA,AJ582292,NA,NA,NA,EU437153,3,TRUE,FALSE
Biophytum_sensitivum,Carlsen3550,OL536383,OL312396,NA,OL536778,NA,NA,NA,NA,NA,3,TRUE,FALSE
Dapania_pentandra,DAPEN,EU436861,NA,NA,NA,EU437031,NA,NA,NA,EU437150,3,TRUE,FALSE
Sarcotheca_laxa,SARLAX,EU436859,NA,NA,NA,NA,NA,NA,NA,EU437148,2,TRUE,FALSE
Sarcotheca_monophylla,SARMON,EU436860,NA,NA,NA,EU437030,NA,NA,NA,EU437149,3,TRUE,FALSE
Oxalis_acetosella,HeiblBotGardenMunich01,JN634720,JN592057,NA,JN587320,JN620117,NA,JN620084,NA,JN627218,6,TRUE,FALSE
Oxalis_adenodes,Dreyer716,EU436903,NA,NA,NA,EU437060,NA,NA,NA,EU437191,3,TRUE,FALSE
Oxalis_adenophylla,HeiblPfanzelt05-024,JN634721,JN592058,NA,JN587321,JN620118,NA,JN620085,NA,NA,5,TRUE,FALSE
Oxalis_adpressipila,Kuhlmann6587h,OQ310891,NA,NA,NA,OQ296038,NA,NA,NA,NA,2,TRUE,FALSE
Oxalis_adspersa,Dreyer635,EU436936,NA,NA,NA,AJ582290,NA,NA,NA,EU437223,3,TRUE,TRUE
Oxalis_aff_campylorrhiza,Dreyer689,EU436948,NA,NA,NA,EU437089,NA,NA,NA,EU437234,3,TRUE,FALSE
Oxalis_aff_distincta,Emshwiller289/321/447,U74266,NA,NA,NA,NA,NA,NA,NA,NA,1,TRUE,FALSE
Oxalis_aff_spiralis,Emshwiller184,U74261,NA,NA,NA,NA,NA,NA,NA,NA,1,TRUE,FALSE
Oxalis_aff_tuberosa,Emshwiller260,U74287,NA,NA,NA,NA,NA,NA,NA,NA,1,TRUE,FALSE
Oxalis_aff_umbraticola,Rhoden19,NA,NA,PQ585598,NA,PQ585614,NA,NA,NA,NA,2,FALSE,FALSE
Oxalis_alpina,Gardner45,JN618513,NA,JN836794,NA,JN639543,NA,JN836865,NA,NA,4,TRUE,FALSE
Oxalis_alstonii_subsp_alstonii,Vaio413,MH705067,NA,MH705088,NA,NA,NA,MH705080,NA,NA,4,TRUE,FALSE
Oxalis_alstonii_subsp_lutzii,Melo4829,PQ536091,NA,PQ585585,NA,PQ585602,NA,NA,NA,NA,3,TRUE,FALSE
Oxalis_alvimii,Fiaschi4597,OQ310870,NA,OQ295991,NA,OQ296017,NA,NA,NA,NA,3,TRUE,TRUE
Oxalis_ambigua,Oberlander0140,EU436905,NA,NA,NA,EU437061,NA,NA,NA,EU437193,3,TRUE,FALSE
Oxalis_amblyodonta,Bayer7397,EU437007,NA,NA,NA,EU437116,NA,NA,NA,EU437293,3,TRUE,FALSE
Oxalis_amblyosepala,Oberlander0168,EU436982,NA,NA,NA,EU437105,NA,NA,NA,EU437268,3,TRUE,FALSE
Oxalis_amorimii,Fiaschi5457,PQ536092,NA,PQ585589,NA,PQ585606,NA,NA,NA,NA,3,TRUE,FALSE
Oxalis_andina,Emshwiller315,U74263,NA,NA,NA,NA,NA,NA,AF098983,NA,1,TRUE,TRUE
Oxalis_animarum,Cabral275,1,NA,1,NA,1,NA,NA,NA,NA,3,TRUE,FALSE
Oxalis_annae,Mucina170903/3,EU436920,NA,NA,NA,EU437072,NA,NA,NA,EU437208,3,TRUE,FALSE
Oxalis_arbuscula,HeiblPfanzelt05-050,JN634722,JN592059,NA,JN587322,JN620119,NA,JN620086,NA,NA,5,TRUE,FALSE
Oxalis_arenaria,Heibl03-094,JN634723,JN592060,NA,JN587330,JN620120,NA,JN620087,NA,JN627219,6,TRUE,FALSE
Oxalis_argentina,Emshwiller235,JN618516,NA,JN836797,NA,EU437143,NA,NA,NA,NA,3,TRUE,FALSE
Oxalis_argillacea,Dreyer786,EU436940,NA,NA,NA,AJ582294,NA,NA,NA,EU437227,3,TRUE,TRUE
Oxalis_argyrophylla,Oberlander0040,EU437005,NA,NA,NA,AJ582295,NA,NA,NA,EU437291,3,TRUE,FALSE
Oxalis_aridicola,Dreyer672,EU436977,NA,NA,NA,AJ582296,NA,NA,NA,EU437263,3,TRUE,TRUE
Oxalis_artemioides,Sartor81,1,NA,1,NA,NA,NA,NA,NA,NA,2,TRUE,FALSE
Oxalis_articulata_forma_crassipes,Emshwiller463,JN618506,NA,JN836788,NA,EU437146,NA,JN836859,NA,NA,4,TRUE,TRUE
Oxalis_articulata_subsp_articulata,Vaio505,KX249612,NA,KX249662,NA,KX249636,NA,KX249639,NA,NA,4,TRUE,FALSE
Oxalis_articulata_subsp_rubra,Emshwiller146,JN618507,NA,JN836789,NA,EU437147,NA,JN836860,NA,NA,4,TRUE,FALSE
Oxalis_atacamensis,Heibl01-054,JN634724,JN592061,NA,JN587323,JN620121,NA,JN620088,NA,NA,5,TRUE,FALSE
Oxalis_attaquana,Bayer7007,EU436918,NA,NA,NA,EU437071,NA,NA,NA,EU437206,3,TRUE,FALSE
Oxalis_aurea,Dreyer771,EU436935,NA,NA,NA,EU437080,NA,NA,NA,EU437222,3,TRUE,FALSE
Oxalis_aureoflava,Zollitsch61,NA,JN592062,NA,NA,JN620122,NA,NA,NA,NA,2,FALSE,FALSE
Oxalis_barrelieri,Vaio517,KC602027,NA,KC602052,NA,KC602081,NA,KC602107,NA,NA,4,TRUE,FALSE
Oxalis_bela-vitoriae,Fiaschi4606,OQ310871,NA,OQ295992,NA,OQ296018,NA,NA,NA,NA,3,TRUE,FALSE
Oxalis_bifida,Dreyer608,EU437017,NA,NA,NA,AJ582297,NA,NA,NA,EU437303,3,TRUE,TRUE
Oxalis_bifrons,Fiaschi3633,KC602021,NA,KC602047,NA,KC602074,NA,KC602101,NA,NA,4,TRUE,TRUE
Oxalis_bifurca,Bellstedt764,EU436965,NA,NA,NA,EU437100,NA,NA,NA,EU437251,3,TRUE,FALSE
Oxalis_bipartita_subsp_bipartita,Vaio320,JN836778,NA,JN836810,NA,NA,NA,JN836880,NA,NA,3,TRUE,FALSE
Oxalis_bisfracta,Emshwiller232,KC602010,NA,KC602039,NA,KC602065,NA,KC602091,NA,NA,4,TRUE,FALSE
Oxalis_blackii,Costa115,MH705068,NA,MH705089,NA,MH705073,NA,MH705081,NA,NA,4,TRUE,TRUE
Oxalis_blastorrhiza,Dreyer788,EU436974,NA,NA,NA,AJ582298,NA,NA,NA,EU437260,3,TRUE,TRUE
Oxalis_boliviana,Emshwiller310,U74264,NA,NA,NA,NA,NA,NA,NA,NA,1,TRUE,FALSE
Oxalis_bowiei,MO502cfbowiei,EU436895,NA,NA,NA,EU437055,NA,NA,NA,EU437183,3,TRUE,FALSE
Oxalis_brasiliensis,EmshwillerBRAS2,JN618520,NA,JN836798,NA,JN639546,NA,JN836868,NA,NA,4,TRUE,FALSE
Oxalis_bulbocastanum,Heibl01-071,JN634726,JN592063,NA,JN587324,JN620123,NA,JN620089,NA,NA,5,TRUE,FALSE
Oxalis_bullulata,Dreyer792,EU436908,NA,NA,NA,EU437063,NA,NA,NA,EU437196,3,TRUE,FALSE
Oxalis_burkei,Dreyer618,EU437029,NA,NA,NA,AJ582299,NA,NA,NA,NA,2,TRUE,TRUE
Oxalis_burtoniae,Oberlander0031,EU437008,NA,NA,NA,AJ582300,NA,NA,NA,EU437294,3,TRUE,FALSE
Oxalis_caerulea,Gardner39,JN618517,NA,JN836800,NA,JN639548,NA,JN836870,NA,NA,4,TRUE,FALSE
Oxalis_caesariata,Radavelli62,1,NA,1,NA,1,NA,NA,NA,NA,3,TRUE,TRUE
Oxalis_caesia,Heibl02-012,JN634727,JN602084,NA,JN587325,JN620124,NA,JN620090,NA,JN627221,6,TRUE,FALSE
Oxalis_calachaccensis,Emshwiller880X,KC602009,NA,KC602038,NA,KC602063,NA,NA,NA,NA,3,TRUE,FALSE
Oxalis_callosa,Oberlander0120,EU436973,NA,NA,NA,EU437103,NA,NA,NA,EU437259,3,TRUE,FALSE
Oxalis_camelopardalis,Oberlander0071,EU437012,NA,NA,NA,EU437119,NA,NA,NA,EU437298,3,TRUE,FALSE
Oxalis_campicola,Dreyer780,EU436981,NA,NA,NA,AJ582301,NA,NA,NA,EU437267,3,TRUE,TRUE
Oxalis_campylorrhiza,Dreyer696,EU436947,NA,NA,NA,AJ582302,NA,NA,NA,EU437233,3,TRUE,TRUE
Oxalis_capillacea,Dreyer625,EU437013,NA,NA,NA,AJ582304,NA,NA,NA,EU437299,3,TRUE,TRUE
Oxalis_capixaba,Costa117,OQ310893,NA,OQ296013,NA,OQ296041,NA,NA,NA,NA,3,TRUE,TRUE
Oxalis_caprina,DreyerOberlander0001,EU436892,NA,NA,NA,AJ582305,NA,NA,NA,EU437180,3,TRUE,TRUE
Oxalis_cardenasiana,Wood22331,JN618519,NA,JN836799,NA,JN639547,NA,JN836869,NA,NA,4,TRUE,FALSE
Oxalis_cathara,MO582cathara,EU436931,NA,NA,NA,EU437077,NA,NA,NA,EU437218,3,TRUE,FALSE
Oxalis_cauliflora,Vasques78,1,NA,1,NA,1,NA,NA,NA,NA,3,TRUE,FALSE
Oxalis_cerradoana,Cabral259,1,NA,1,NA,1,NA,NA,NA,NA,3,TRUE,FALSE
Oxalis_cf_alpina,Weller979,JN618565,NA,JN836846,NA,JN639584,NA,JN836913,NA,NA,4,TRUE,FALSE
Oxalis_cf_alstonii,Cabral273,1,NA,1,NA,1,NA,NA,NA,NA,3,TRUE,FALSE
Oxalis_cf_canaliculata,BayerN,EU436946,NA,NA,NA,EU437088,NA,NA,NA,EU437232,3,TRUE,FALSE
Oxalis_cf_cerradoana,Cabral251,1,NA,1,NA,1,NA,NA,NA,NA,3,TRUE,FALSE
Oxalis_cf_helicoides,Dreyer688,NA,NA,NA,NA,AJ582306,NA,NA,NA,NA,1,FALSE,FALSE
Oxalis_cf_megalorrhiza,Dreyer809,EU436871,NA,NA,NA,EU437037,NA,NA,NA,NA,2,TRUE,FALSE
Oxalis_cf_melilotoides,Emshwiller190,NA,NA,NA,NA,NA,NA,NA,AF470245,NA,1,FALSE,FALSE
Oxalis_cf_neuwiedii,Rhoden8,1,NA,1,NA,1,NA,NA,NA,NA,3,TRUE,FALSE
Oxalis_cf_pachyrrhiza,Dreyer809,EU436871,NA,NA,NA,EU437037,NA,NA,NA,EU437160,3,TRUE,FALSE
Oxalis_cf_peduncularis,Emshwiller850,NA,NA,NA,NA,NA,NA,NA,AF470263,NA,1,FALSE,FALSE
Oxalis_cf_polymorpha,Fiaschi4618,PQ536094,NA,PQ585594,NA,PQ585611,NA,NA,NA,NA,3,TRUE,FALSE
Oxalis_cf_pulvinata,MO576cfpulvinata,EU436926,NA,NA,NA,EU437076,NA,NA,NA,EU437213,3,TRUE,FALSE
Oxalis_cf_roselata,Rhoden16,1,NA,1,NA,1,NA,NA,NA,NA,3,TRUE,FALSE
Oxalis_cf_tragopoda,MO490cftragopoda,EU436897,NA,NA,NA,EU437057,NA,NA,NA,EU437185,3,TRUE,FALSE
Oxalis_cf_tuberosa,Emshwiller259,NA,NA,NA,NA,NA,NA,NA,AF470274,NA,1,FALSE,TRUE
Oxalis_chachahuensis,MartinezCarretero1570,MH220862,MH998371,NA,NA,NA,NA,NA,NA,NA,2,TRUE,FALSE
Oxalis_ciliaris,Dreyer613,EU436979,NA,NA,NA,AJ582307,NA,NA,NA,EU437265,3,TRUE,TRUE
Oxalis_ciliata,Cabral124,NA,NA,OR099841,NA,OR099867,NA,NA,NA,NA,2,FALSE,FALSE
Oxalis_cinerea,Heibl03-095,JN634728,JN602085,NA,NA,JN620125,NA,JN620091,NA,NA,4,TRUE,TRUE
Oxalis_cipoensis,Costa110,1,NA,1,NA,1,NA,NA,NA,NA,3,TRUE,TRUE
Oxalis_clavifolia,Oberlander0141,EU436951,NA,NA,NA,EU437090,NA,NA,NA,EU437237,3,TRUE,FALSE
Oxalis_colatinensis,Fiaschi4625,MH705069,NA,MH705090,NA,MH705074,NA,MH705082,NA,NA,4,TRUE,TRUE
Oxalis_commutata,Dreyer606,EU436898,NA,NA,NA,AJ582308,NA,NA,NA,EU437186,3,TRUE,TRUE
Oxalis_comosa,Mucina220901/30A,EU436954,NA,NA,NA,EU437091,NA,NA,NA,EU437240,3,TRUE,FALSE
Oxalis_compacta,Teillier5013,JN634729,JN602086,NA,NA,NA,NA,NA,NA,NA,2,TRUE,TRUE
Oxalis_compressa,BayerOberlander0009,EU436883,NA,NA,NA,EU437046,NA,NA,NA,EU437172,3,TRUE,FALSE
Oxalis_comptonii,Dreyer802,EU436985,NA,NA,NA,AJ582309,NA,NA,NA,EU437272,3,TRUE,TRUE
Oxalis_confertifolia,Oberlander0075,EU437011,NA,NA,NA,EU437118,NA,NA,NA,EU437297,3,TRUE,FALSE
Oxalis_conorrhiza,Vaio175,KC602015,NA,NA,NA,KC602069,NA,KC602096,NA,NA,3,TRUE,FALSE
Oxalis_convexula,Oberlander0014,EU436913,NA,NA,NA,EU437067,NA,NA,NA,EU437201,3,TRUE,FALSE
Oxalis_copiosa,Oberlander0021,EU436887,NA,NA,NA,EU437049,NA,NA,NA,EU437176,3,TRUE,FALSE
Oxalis_cordata,Cabral125,NA,NA,OR099842,NA,OR099868,NA,NA,NA,NA,2,FALSE,FALSE
Oxalis_cornicarpa,Fiaschi5442,OQ310887,NA,OQ296008,NA,OQ296035,NA,NA,NA,NA,3,TRUE,FALSE
Oxalis_corniculata,GardnerS1,KC602004,NA,KC602032,NA,KC602056,NA,KC602085,NA,NA,4,TRUE,FALSE
Oxalis_corymbosa,Aoki16,LC206018,NA,LC206126,NA,LC206340,NA,LC206233,NA,NA,4,TRUE,FALSE
Oxalis_crassipes,Emshwiller463,U74265,NA,NA,NA,NA,NA,NA,NA,NA,1,TRUE,FALSE
Oxalis_cratensis,Vaio404,NA,NA,MH705091,NA,MH705075,NA,MH705083,NA,NA,3,FALSE,FALSE
Oxalis_crocea,Dreyer693,EU436950,NA,NA,NA,AJ582311,NA,NA,NA,EU437236,3,TRUE,TRUE
Oxalis_cuneata,Dreyer791,EU436969,NA,NA,NA,EU437101,NA,NA,NA,EU437255,3,TRUE,FALSE
Oxalis_cuzcensis,Emshwiller532,NA,NA,NA,NA,NA,NA,NA,AF470254,NA,1,FALSE,FALSE
Oxalis_cytisoides,Cabral139,OQ310874,NA,OQ295995,NA,OQ296021,NA,NA,NA,NA,3,TRUE,TRUE
Oxalis_debilis_var_corymbosa,Vaio62,JN836774,NA,JN836806,NA,JN836760,NA,JN836876,NA,NA,4,TRUE,FALSE
Oxalis_debilis_var_debilis,Emshwiller171,JN618521,NA,JN836803,NA,EU437144,NA,JN836873,NA,NA,4,TRUE,TRUE
Oxalis_decaphylla,Rodriguez2610,JN618524,NA,JN836820,NA,JN639559,NA,JN836889,NA,NA,4,TRUE,FALSE
Oxalis_decipiens,Vasques57,1,NA,1,NA,1,NA,NA,NA,NA,3,TRUE,FALSE
Oxalis_densa,Oberlander0169,EU436921,NA,NA,NA,EU437073,NA,NA,NA,EU437209,3,TRUE,FALSE
Oxalis_densifolia,Cabral93,OQ310875,NA,OQ295996,NA,OQ296022,NA,NA,NA,NA,3,TRUE,TRUE
Oxalis_dentata,Cilliers0004,EU436888,NA,NA,NA,AJ582312,NA,NA,NA,EU437177,3,TRUE,TRUE
Oxalis_depressa,Oberlander0085,EU436909,NA,NA,NA,EU437064,NA,NA,NA,EU437197,3,TRUE,FALSE
Oxalis_deserticola,Oberlander0114,EU436939,NA,NA,NA,EU437083,NA,NA,NA,EU437226,3,TRUE,FALSE
Oxalis_desmodioides,Cabral194,1,NA,1,NA,1,NA,NA,NA,NA,3,TRUE,FALSE
Oxalis_diamantinae,Richetti61,OQ623649,NA,OR099851,NA,OR099876,NA,NA,NA,NA,3,TRUE,FALSE
Oxalis_dichotoma,Oberlander0052,EU436893,NA,NA,NA,EU437053,NA,NA,NA,EU437181,3,TRUE,FALSE
Oxalis_dilatata,BayerOberlander0014,EU436910,NA,NA,NA,EU437065,NA,NA,NA,EU437198,3,TRUE,FALSE
Oxalis_dillenii,Walter6565,EU436868,NA,NA,NA,EU437034,NA,KC602090,NA,EU437157,3,TRUE,TRUE
Oxalis_dines,Helme1355,EU436943,NA,NA,NA,EU437085,NA,NA,NA,NA,2,TRUE,FALSE
Oxalis_discolor,Gardner35,JN618525,NA,JN836821,NA,JN639560,NA,JN836890,NA,NA,4,TRUE,FALSE
Oxalis_disticha,Oberlander0159,EU436942,NA,NA,NA,EU437084,NA,NA,NA,EU437229,3,TRUE,FALSE
Oxalis_divaricata,Felix13386,KC602028,NA,KC602055,NA,KC602082,NA,KC602111,NA,NA,4,TRUE,TRUE
Oxalis_divergens,Gardner58,JN618527,NA,JN836822,NA,JN639561,NA,JN836891,NA,NA,4,TRUE,FALSE
Oxalis_dolichopoda,Emshwiller292,U74267,NA,NA,NA,NA,NA,NA,NA,NA,1,TRUE,TRUE
Oxalis_dombey,Cornejo10089,1,NA,1,NA,1,NA,NA,NA,NA,3,TRUE,FALSE
Oxalis_dregei,Mucina210903/11,EU436930,NA,NA,NA,AJ582313,NA,NA,NA,EU437217,3,TRUE,TRUE
Oxalis_droseroides,Oberlander0079,EU436994,NA,NA,NA,EU437111,NA,NA,NA,EU437280,3,TRUE,FALSE
Oxalis_drummondii,Weller965,JN618528,NA,JN836823,NA,JN639562,NA,JN836892,NA,NA,4,TRUE,FALSE
Oxalis_dumetorum,Mihoc7330,JN634731,JN602088,NA,NA,NA,NA,NA,NA,JN627222,3,TRUE,TRUE
Oxalis_duriuscula,Oberlander0082,EU437020,NA,NA,NA,EU437123,NA,NA,NA,EU437306,3,TRUE,FALSE
Oxalis_ebracteata,Dreyer644,EU436990,NA,NA,NA,AJ582314,NA,NA,NA,EU437276,3,TRUE,TRUE
Oxalis_eckloniana,Dreyer628,EU437025,NA,NA,NA,AJ582315,NA,NA,NA,EU437311,3,TRUE,TRUE
Oxalis_engleriana,Oberlander0010,EU436961,NA,NA,NA,AJ582316,NA,NA,NA,EU437247,3,TRUE,TRUE
Oxalis_enneaphylla,HeiblMunozToro04-045,JN634732,JN602089,NA,NA,JN620127,NA,JN620092,NA,JN627223,5,TRUE,FALSE
Oxalis_eriocarpa,Vaio31,KC602020,NA,KC602046,NA,KC602073,NA,KC602100,NA,NA,4,TRUE,TRUE
Oxalis_eriolepis,Emshwiller155,JN618530,NA,JN836824,NA,JN639563,NA,JN836893,NA,NA,4,TRUE,FALSE
Oxalis_erosa,UnknownN,MH705070,NA,MH705092,NA,MH705076,NA,MH705084,NA,NA,4,TRUE,TRUE
Oxalis_erythrorhiza,Zuloaga12781,MH220857,MH998365,NA,NA,NA,NA,NA,NA,NA,2,TRUE,FALSE
Oxalis_erytrorrhiza,FOZ12781,1,NA,NA,NA,NA,NA,NA,NA,NA,1,TRUE,FALSE
Oxalis_exserta,Dreyer686,EU436967,NA,NA,NA,AJ582317,NA,NA,NA,EU437253,3,TRUE,TRUE
Oxalis_fabaefolia,Dreyer721/A,EU436925,NA,NA,NA,EU437075,NA,NA,NA,EU437212,3,TRUE,FALSE
Oxalis_falcatula,Oberlander0096,EU436992,NA,NA,NA,EU437109,NA,NA,NA,EU437278,3,TRUE,FALSE
Oxalis_famatinae,FOZ11970,1,NA,NA,NA,1,NA,NA,NA,NA,2,TRUE,FALSE
Oxalis_fergusoniae,Oberlander0111,EU436912,NA,NA,NA,EU437066,NA,NA,NA,EU437200,3,TRUE,FALSE
Oxalis_fibrosa,Oberlander0051,EU436958,NA,NA,NA,EU437095,NA,NA,NA,EU437244,3,TRUE,FALSE
Oxalis_flagellata,Emshwiller246,NA,NA,NA,NA,NA,NA,NA,AF098982,NA,1,FALSE,FALSE
Oxalis_flava,Dreyer614,EU436924,NA,NA,NA,AJ582318,NA,EU437372,NA,EU437211,3,TRUE,TRUE
Oxalis_flaviuscula,Dreyer701,EU436929,NA,NA,NA,AJ582319,NA,NA,NA,EU437216,3,TRUE,TRUE
Oxalis_floribunda_subsp_floribunda,Vaio358,JN836767,NA,JN836790,NA,JN836758,NA,JN836861,NA,NA,4,TRUE,FALSE
Oxalis_floribunda_subsp_ostenii,Vaio388,KX249623,NA,KX249665,NA,KX249647,NA,KX249648,NA,NA,4,TRUE,FALSE
Oxalis_fontana,Whang30761,EU274622,NA,NA,NA,NA,NA,NA,NA,NA,1,TRUE,FALSE
Oxalis_formosana,Aoki181,LC206020,NA,LC206128,NA,LC206342,NA,LC206235,NA,NA,4,TRUE,FALSE
Oxalis_fourcadei,BeanVlok2046,EU436923,NA,NA,NA,EU437074,NA,NA,NA,NA,2,TRUE,FALSE
Oxalis_frutescens,Vaio426,KC602026,NA,KC602051,NA,KC602080,NA,KC602106,NA,NA,4,TRUE,TRUE
Oxalis_fruticosa,Fiaschi4658,OQ310877,NA,OQ295998,NA,OQ296024,NA,NA,NA,NA,3,TRUE,TRUE
Oxalis_furcillata,Oberlander0022,EU436952,NA,NA,NA,AJ582320,NA,NA,NA,EU437238,3,TRUE,FALSE
Oxalis_galeottii,Gardner60,JN618531,NA,JN836827,NA,JN639566,NA,JN836895,NA,NA,4,TRUE,FALSE
Oxalis_gardneriana,Scatigna1336,1,NA,1,NA,1,NA,NA,NA,NA,3,TRUE,TRUE
Oxalis_geralensis,UnknownN,KX249625,NA,NA,NA,KX249650,NA,KX249649,NA,NA,3,TRUE,TRUE
Oxalis_giftbergensis,Dreyer796,EU436988,NA,NA,NA,AJ582321,NA,NA,NA,EU437274,3,TRUE,FALSE
Oxalis_gigantea,HeiblMunozToro04-010,JN634733,NA,NA,NA,NA,NA,JN620093,NA,JN627224,3,TRUE,FALSE
Oxalis_glabra,Mucina170601/2,EU437000,NA,NA,NA,AJ582322,NA,NA,NA,EU437286,3,TRUE,FALSE
Oxalis_glaucescens,Felix13539,KC602029,NA,KC602053,NA,KC602083,NA,KC602108,NA,NA,4,TRUE,TRUE
Oxalis_goniorrhiza,Oberlander0157,EU437002,NA,NA,NA,EU437114,NA,NA,NA,EU437288,3,TRUE,FALSE
Oxalis_goyazensis,Cabral100,OQ623643,NA,OR099845,NA,OR099871,NA,NA,NA,NA,3,TRUE,FALSE
Oxalis_gracilifolia,Cabral193,1,NA,1,NA,1,NA,NA,NA,NA,3,TRUE,FALSE
Oxalis_gracilipes,Dreyer645,EU436991,NA,NA,NA,EU437108,NA,NA,NA,EU437277,3,TRUE,FALSE
Oxalis_gracilis,Oberlander123,EU436976,NA,NA,NA,EU437104,NA,NA,NA,EU437262,3,TRUE,FALSE
Oxalis_grammopetala,Oberlander0156,EU436906,NA,NA,NA,EU437062,NA,NA,NA,EU437194,3,TRUE,FALSE
Oxalis_grammophylla,Dreyer670,EU437016,NA,NA,NA,AJ582323,NA,NA,NA,EU437302,3,TRUE,TRUE
Oxalis_gregaria,Roe1597,JN618532,NA,JN836826,NA,JN639565,NA,NA,NA,NA,3,TRUE,FALSE
Oxalis_griffithii,Aoki35,LC206055,NA,LC206163,NA,LC206377,NA,LC206270,NA,NA,4,TRUE,FALSE
Oxalis_grisea,Vaio512,KC602025,NA,KC602050,NA,KC602079,NA,KC602105,NA,NA,4,TRUE,TRUE
Oxalis_gyrorhiza,Heibl02-035,NA,JN602093,NA,NA,JN620129,NA,NA,NA,JN627225,3,FALSE,TRUE
Oxalis_haedulipes,Mucina180903/9,EU436886,NA,NA,NA,EU437048,NA,NA,NA,EU437175,3,TRUE,FALSE
Oxalis_hedysarifolia,Almeida1980,OQ623642,NA,OR099840,NA,OR099866,NA,NA,NA,NA,3,TRUE,FALSE
Oxalis_hedysaroides,Cornejo10079,1,NA,1,NA,1,NA,NA,NA,NA,3,TRUE,FALSE
Oxalis_hepatica,Nuernberg1800,OQ623645,NA,OR099847,NA,OR099872,NA,NA,NA,NA,3,TRUE,FALSE
Oxalis_hernandesii,Gardner56,JN618534,NA,JN836825,NA,JN639564,NA,JN836894,NA,NA,4,TRUE,FALSE
Oxalis_herrerae,Emshwiller459,U74269,NA,NA,NA,NA,NA,NA,NA,NA,1,TRUE,FALSE
Oxalis_heterophylla,BayerOberlander0008,EU437018,NA,NA,NA,EU437121,NA,NA,NA,EU437304,3,TRUE,FALSE
Oxalis_hirsutissima,Cordeiro987,OQ623646,NA,NA,NA,OR099874,NA,NA,NA,NA,2,TRUE,FALSE
Oxalis_hirta,Dreyer646,EU436971,NA,NA,NA,AJ582324,NA,NA,NA,EU437257,3,TRUE,TRUE
Oxalis_hispidula,Vaio44,JN836776,NA,JN836811,NA,JN836765,NA,NA,NA,NA,3,TRUE,FALSE
Oxalis_holosericea,HeiblPfanzelt05-025,JN634734,JN607481,NA,JN587327,JN620130,NA,JN620094,NA,JN627226,6,TRUE,FALSE
Oxalis_humbertii,Emshwiller604,NA,NA,NA,NA,NA,NA,NA,AF470247,NA,1,FALSE,FALSE
Oxalis_hyalotricha_subsp_borealis,Melo4854,OQ623648,NA,OR099850,NA,OR099875,NA,NA,NA,NA,3,TRUE,TRUE
Oxalis_hyalotricha_subsp_hyalotricha,Cabral170,OQ623647,NA,OR099849,NA,NA,NA,NA,NA,NA,2,TRUE,TRUE
Oxalis_hygrophila,KumwendaDreyer0001,EU437024,NA,NA,NA,AJ582333,NA,NA,NA,EU437310,3,TRUE,FALSE
Oxalis_hypsophila,Dreyer805,EU436874,NA,NA,JN587328,EU437040,NA,NA,NA,EU437163,3,TRUE,TRUE
Oxalis_idimae,Richetti70,OQ623652,NA,OR099854,NA,OR099878,NA,NA,NA,NA,3,TRUE,FALSE
Oxalis_imbricata,Oberlander0062,EU436896,NA,NA,NA,EU437056,NA,NA,NA,EU437184,3,TRUE,FALSE
Oxalis_impatiens,Bilk382a,OQ310878,NA,OQ295999,NA,OQ296025,NA,NA,NA,NA,3,TRUE,FALSE
Oxalis_incana,HeiblPfanzelt05-045,JN634736,JN607483,NA,JN587329,JN620132,NA,JN620095,NA,JN627227,6,TRUE,FALSE
Oxalis_incarnata,Emshwiller149,JN618509,NA,JN836791,NA,JN639542,NA,JN836863,NA,NA,4,TRUE,TRUE
Oxalis_inconspicua,Dreyer707,EU436944,NA,NA,NA,EU437086,NA,NA,NA,EU437230,3,TRUE,FALSE
Oxalis_inopinata,Fiaschi5544,OR964281,NA,OR966574,NA,OR966575,NA,NA,NA,NA,3,TRUE,TRUE
Oxalis_itamarajuensis,Fiaschi4657,OQ310895,NA,OQ296015,NA,OQ296043,NA,NA,NA,NA,3,TRUE,FALSE
Oxalis_itatingae,Fiaschi4472,PQ536098,NA,PQ585599,NA,PQ585615,NA,NA,NA,NA,3,TRUE,FALSE
Oxalis_jacobinensis,Cabral226,PQ536099,NA,PQ585590,NA,PQ585607,NA,NA,NA,NA,3,TRUE,FALSE
Oxalis_jacquiniana,Gardner43,JN618535,NA,JN836830,NA,JN639569,NA,JN836898,NA,NA,4,TRUE,FALSE
Oxalis_jasminifolia,Cornejo9331,1,NA,1,NA,1,NA,NA,NA,NA,3,TRUE,FALSE
Oxalis_johnstonii,Heibl01-080,NA,JN607484,NA,NA,JN620133,NA,JN620096,NA,NA,3,FALSE,FALSE
Oxalis_kamiesbergensis,MO592cfkamiebergensis,EU436970,NA,NA,NA,EU437102,NA,NA,NA,EU437256,3,TRUE,FALSE
Oxalis_kantoensis,Aoki25,LC206033,NA,LC206141,NA,LC206355,NA,LC206248,NA,NA,4,TRUE,FALSE
Oxalis_knuthiana,Dreyer721,EU436884,NA,NA,NA,AJ582325,NA,NA,NA,EU437173,3,TRUE,TRUE
Oxalis_kollmannii,Vasques53,PQ536100,NA,PQ585591,NA,PQ585608,NA,NA,NA,NA,3,TRUE,FALSE
Oxalis_kuhlmannii,Fiaschi4662,OQ310880,NA,OQ296001,NA,OQ296027,NA,NA,NA,NA,3,TRUE,FALSE
Oxalis_laciniata,HeiblMunozToro04-047,JN634737,NA,NA,NA,JN620134,NA,JN620097,NA,JN627228,4,TRUE,TRUE
Oxalis_lanata,Dreyer751,EU437027,NA,NA,NA,EU437125,NA,NA,NA,NA,2,TRUE,FALSE
Oxalis_lasiandra,Gardner69,JN618537,NA,JN836831,NA,JN639570,NA,JN836899,NA,NA,4,TRUE,FALSE
Oxalis_lasiopetala,Vaio87,KX249626,NA,KX249666,NA,KX249651,NA,KX249652,NA,NA,4,TRUE,FALSE
Oxalis_lateriflora,Dreyer651,EU436890,NA,NA,NA,EU437051,NA,NA,NA,NA,2,TRUE,FALSE
Oxalis_latifolia,Gardner38,JN618539,NA,JN836834,NA,JN639573,NA,JN836902,NA,NA,4,TRUE,FALSE
Oxalis_laxa_var_hispidissima,Heibl02-027,JN634739,NA,NA,JN587333,JN620136,NA,JN620099,NA,JN627230,5,TRUE,FALSE
Oxalis_laxa_var_hispidula,FOZ12555,1,NA,NA,NA,1,NA,NA,NA,NA,2,TRUE,FALSE
Oxalis_laxa_var_laxa,Heibl03-091,JN634738,JN607486,NA,JN587332,JN620135,NA,JN620098,NA,JN627229,6,TRUE,FALSE
Oxalis_leonii,Costa122,OQ310892,NA,OQ296012,NA,OQ296040,NA,NA,NA,NA,3,TRUE,TRUE
Oxalis_leptocalyx,Oberlander0076,EU437001,NA,NA,NA,EU437113,NA,NA,NA,EU437287,3,TRUE,FALSE
Oxalis_leptogramma,Dreyer617,EU437014,NA,NA,NA,AJ582327,NA,NA,NA,EU437300,3,TRUE,TRUE
Oxalis_leucolepis,Aoki420,LC206073,NA,LC206181,NA,LC206395,NA,LC206288,NA,NA,4,TRUE,FALSE
Oxalis_lichenoides,Dreyer785,EU436919,NA,NA,NA,AJ582328,NA,NA,NA,EU437207,3,TRUE,TRUE
Oxalis_linarantha,Wasum3369,JN618508,NA,JN618508,NA,JN639541,NA,JN836862,NA,NA,3,TRUE,TRUE
Oxalis_linearis,Dreyer679,EU436972,NA,NA,NA,AJ582329,NA,NA,NA,EU437258,3,TRUE,TRUE
Oxalis_livida,Oberlander0078,EU436889,NA,NA,NA,EU437050,NA,NA,NA,NA,2,TRUE,FALSE
Oxalis_lomana,Gaspar2,1,1,NA,1,NA,1,NA,NA,NA,4,TRUE,FALSE
Oxalis_longissima,Emshwiller64/247,U74270,NA,NA,NA,NA,NA,NA,NA,NA,1,TRUE,FALSE
Oxalis_loricata,HeiblPfanzelt05-006,JN634741,JN607487,NA,JN587312,JN620137,NA,NA,NA,NA,4,TRUE,FALSE
Oxalis_lotoides,Emshwiller789,NA,NA,NA,NA,NA,NA,NA,AF470241,NA,1,FALSE,FALSE
Oxalis_louisae,Dreyer708,EU436928,NA,NA,NA,AJ582330,NA,NA,NA,EU437215,3,TRUE,TRUE
Oxalis_lucumayensis_subsp_lucumayensis,Emshwiller485,NA,NA,NA,NA,NA,NA,NA,AF470248,NA,1,FALSE,FALSE
Oxalis_lucumayensis_subsp_subiens,Emshwiller289,NA,NA,NA,NA,NA,NA,NA,AF470250,NA,1,FALSE,FALSE
Oxalis_luteola,Oberlander0026,EU436904,NA,NA,NA,AJ582331,NA,NA,NA,EU437192,3,TRUE,FALSE
Oxalis_lutzii,Fiaschi5596,1,NA,1,NA,NA,NA,NA,NA,NA,2,TRUE,FALSE
Oxalis_macrocarpa,Gardner49,JN618556,NA,JN836819,NA,JN639558,NA,JN836888,NA,NA,4,TRUE,FALSE
Oxalis_magellanica,HeiblBotGardenMunich02,JN634742,JN607488,NA,JN587313,JN620138,NA,JN620101,NA,JN627231,6,TRUE,FALSE
Oxalis_magnifica,Gardner68,JN618557,NA,JN836839,NA,JN639578,NA,JN836907,NA,NA,4,TRUE,FALSE
Oxalis_mandioccana,Fiaschi4660,OQ310882,NA,OQ296002,NA,OQ296029,NA,NA,NA,NA,3,TRUE,FALSE
Oxalis_martiana,Emshwiller445,U74290,NA,NA,NA,NA,NA,NA,NA,NA,1,TRUE,FALSE
Oxalis_massoniana,Holmes0016,EU437015,NA,NA,NA,EU437120,NA,NA,NA,EU437301,3,TRUE,FALSE
Oxalis_matancillae,HeiblMunozToro04-023,NA,NA,NA,JN587334,NA,NA,NA,NA,NA,1,FALSE,FALSE
Oxalis_medicaginea,Emshwiller809,NA,NA,NA,NA,NA,NA,NA,AF470240,NA,1,FALSE,FALSE
Oxalis_megalorrhiza,Gaspar173,1,1,NA,1,NA,1,NA,NA,NA,4,TRUE,FALSE
Oxalis_meisneri,Oberlander0088,EU436993,NA,NA,NA,EU437110,NA,NA,NA,EU437279,3,TRUE,FALSE
Oxalis_melanosticta,Dreyer622,EU436901,NA,NA,NA,AJ582332,NA,NA,NA,EU437189,3,TRUE,TRUE
Oxalis_melilotoides,Emshwiller190,U74271,NA,NA,NA,NA,NA,NA,NA,NA,1,TRUE,FALSE
Oxalis_micrantha,Heibl03-092,JN634744,JN607490,NA,NA,JN620140,NA,NA,NA,JN627233,4,TRUE,FALSE
Oxalis_microcarpa,Cornejo9341,1,NA,1,NA,NA,NA,NA,NA,NA,2,TRUE,FALSE
Oxalis_minuta_var_callosa,KumwendaDreyer1,NA,NA,NA,NA,AJ582333,NA,NA,NA,NA,1,FALSE,FALSE
Oxalis_minuta_var_minuta,Dreyer727,NA,NA,NA,NA,AJ582334,NA,NA,NA,NA,1,FALSE,FALSE
Oxalis_mollissima,Emshwiller359/x415,U74272,NA,NA,NA,NA,NA,NA,NA,NA,1,TRUE,FALSE
Oxalis_monochasiata,Fiaschi4585,PQ536101,NA,PQ585592,NA,PQ585609,NA,NA,NA,NA,3,TRUE,TRUE
Oxalis_monophylla,DreyerOberlander0003,EU436927,NA,NA,NA,AJ582335,NA,NA,NA,EU437214,3,TRUE,TRUE
Oxalis_monticola,Vaio20,KX249630,NA,KX249667,NA,KX249655,NA,KX249656,NA,NA,4,TRUE,FALSE
Oxalis_morelosii,Perez4856,JN618558,NA,JN836840,NA,JN639579,NA,JN836908,NA,NA,4,TRUE,FALSE
Oxalis_morenoensis,Heibl01-009,JN634745,JN607491,NA,NA,JN620141,NA,NA,NA,NA,3,TRUE,FALSE
Oxalis_morronei,LZ204,1,NA,NA,NA,1,NA,NA,NA,NA,2,TRUE,FALSE
Oxalis_multicaulis,Oberlander0080,EU436998,NA,NA,NA,EU437112,NA,NA,NA,EU437284,3,TRUE,FALSE
Oxalis_muscoides,Zuloaga12256,MH220856,MH998369,NA,NA,NA,NA,NA,NA,NA,2,TRUE,FALSE
Oxalis_nahuelhuapiensis,Pfanzelt227,NA,JN607492,NA,NA,NA,NA,NA,NA,JN627234,2,FALSE,FALSE
Oxalis_namaquana,Dreyer713,EU436941,NA,NA,NA,AJ582336,NA,NA,NA,EU437228,3,TRUE,TRUE
Oxalis_natans,Oberlander0160,EU437009,NA,NA,NA,EU437117,NA,NA,NA,EU437295,3,TRUE,FALSE
Oxalis_nelsonii,Gardner66,JN618559,NA,JN836841,NA,JN639580,NA,JN836909,NA,NA,4,TRUE,TRUE
Oxalis_neuwiedii,EMA1336,MH705072,NA,MH705094,NA,MH705078,NA,MH705086,NA,NA,4,TRUE,FALSE
Oxalis_nidulans,Dreyer752,EU437026,NA,NA,NA,AJ582337,NA,NA,NA,EU437312,3,TRUE,TRUE
Oxalis_niederleinii,Vaio190,KC602018,NA,KC602044,NA,KC602071,NA,KC602098,NA,NA,4,TRUE,FALSE
Oxalis_nortieri,Oberlander0112,EU436914,NA,NA,NA,EU437068,NA,NA,NA,EU437202,3,TRUE,FALSE
Oxalis_novemfoliolata,Heibl01-078,NA,JN607493,NA,NA,JN620142,NA,NA,NA,NA,2,FALSE,FALSE
Oxalis_nubigena,Emshwiller345,NA,NA,NA,NA,NA,NA,NA,AF470267,NA,1,FALSE,FALSE
Oxalis_obliquifolia,Bellstedt711,EU436915,NA,NA,NA,EU437069,NA,NA,NA,EU437203,3,TRUE,FALSE
Oxalis_oblongiformis,Emshwiller797,NA,NA,NA,NA,NA,NA,NA,AF470260,NA,1,FALSE,FALSE
Oxalis_obtriangulata,JNU140,DQ151555,NA,NA,NA,NA,NA,NA,NA,NA,1,TRUE,FALSE
Oxalis_obtusa,Dreyer691,EU436922,NA,NA,NA,AJ582338,NA,NA,NA,EU437210,3,TRUE,TRUE
Oxalis_occulta,Fiaschi5058,OQ310894,NA,OQ296014,NA,OQ296042,NA,NA,NA,NA,3,TRUE,TRUE
Oxalis_oculifera,Dreyer799,EU436953,NA,NA,NA,AJ582339,NA,NA,NA,EU437239,3,TRUE,TRUE
Oxalis_oligophylla,Dreyer797,EU437023,NA,NA,NA,AJ582340,NA,NA,NA,EU437309,3,TRUE,TRUE
Oxalis_orbicularis,Oberlander0066,EU436899,NA,NA,NA,EU437058,NA,NA,NA,EU437187,3,TRUE,FALSE
Oxalis_oregana,Olmstead2003-33,JN159893,NA,JN836782,NA,JN639536,NA,JN836852,NA,NA,4,TRUE,TRUE
Oxalis_oreocharis,Emshwiller583,JN618561,NA,JN836843,NA,EU437142,NA,JN836911,NA,NA,4,TRUE,FALSE
Oxalis_oreophila,Dreyer666,EU436975,NA,NA,NA,AJ582341,NA,NA,NA,EU437261,3,TRUE,TRUE
Oxalis_ornithopus,HeiblMunozToro04-015,NA,JN607494,NA,NA,NA,NA,JN620104,NA,JN627235,3,FALSE,FALSE
Oxalis_ortgiesii,Emshwiller458,U74273,NA,NA,NA,NA,NA,NA,AF098984,NA,1,TRUE,TRUE
Oxalis_orthopoda,Oberlander0068,EU436956,NA,NA,NA,EU437093,NA,NA,NA,EU437242,3,TRUE,FALSE
Oxalis_oulophora,Emshwiller308,U74274,NA,NA,NA,NA,NA,NA,AF098978,NA,1,TRUE,TRUE
Oxalis_pachyrrhiza,Weigend8479,JN634747,JN607495,NA,JN587316,JN620144,NA,JN620105,NA,NA,5,TRUE,FALSE
Oxalis_pachyrriza,Emshwiller387,U74275,NA,NA,NA,NA,NA,NA,NA,NA,1,TRUE,FALSE
Oxalis_pallens,Dreyer654,EU436997,NA,NA,NA,AJ582342,NA,NA,NA,EU437283,3,TRUE,TRUE
Oxalis_palmifrons,Holmes0019,EU437021,NA,NA,NA,EU437124,NA,NA,NA,EU437307,3,TRUE,FALSE
Oxalis_paludosa,Vaio479,KC602011,NA,KC602040,NA,KC602066,NA,KC602092,NA,NA,4,TRUE,FALSE
Oxalis_pampeana,Nuernberg1875,OQ623640,NA,OR099838,NA,OR099865,NA,NA,NA,NA,3,TRUE,FALSE
Oxalis_paposana,Heibl03-062,JN634748,JN607496,NA,NA,JN620145,NA,JN620106,NA,NA,4,TRUE,FALSE
Oxalis_paranaensis,VaioC2,KC602024,NA,KC602049,NA,KC602076,NA,KC602103,NA,NA,4,TRUE,FALSE
Oxalis_pardoensis,Caxambu5990,1,NA,1,NA,1,NA,NA,NA,NA,3,TRUE,TRUE
Oxalis_pataxorum,Cabral196,1,NA,1,NA,1,NA,NA,NA,NA,3,TRUE,FALSE
Oxalis_paucartambensis,Emshwiller548,NA,NA,NA,NA,NA,NA,NA,AF470253,NA,1,FALSE,FALSE
Oxalis_peduncularis_var_peduncularis,Emshwiller418,U74276,NA,NA,NA,NA,NA,NA,NA,NA,1,TRUE,FALSE
Oxalis_peduncularis_var_pilosa,Emshwiller791,NA,NA,NA,NA,NA,NA,NA,AF470265,NA,1,FALSE,FALSE
Oxalis_pendulifolia,Oberlander0067,EU437019,NA,NA,NA,EU437122,NA,NA,NA,EU437305,3,TRUE,FALSE
Oxalis_penicillata,HeiblPfanzelt05-032,JN634749,NA,NA,JN587336,NA,NA,JN620107,NA,JN627237,4,TRUE,TRUE
Oxalis_perdicaria,HeiblBotGardenMunich03,JN634750,NA,NA,JN587337,JN620147,NA,JN620108,NA,NA,4,TRUE,FALSE
Oxalis_pes-caprae,Aoki6,LC206097,NA,LC206204,NA,LC206418,NA,LC206311,NA,NA,4,TRUE,FALSE
Oxalis_petrophila,Emshwiller933,NA,NA,NA,NA,NA,NA,NA,AF470266,NA,1,FALSE,FALSE
Oxalis_phloxidiflora,Dreyer678,EU436984,NA,NA,NA,EU437106,NA,NA,NA,EU437270,3,TRUE,FALSE
Oxalis_physocalyx,Melo6953,OQ310888,NA,OQ296009,NA,OQ296036,NA,NA,NA,NA,3,TRUE,TRUE
Oxalis_picchensis,Emshwiller500,NA,NA,NA,NA,NA,NA,NA,AF470257,NA,1,FALSE,FALSE
Oxalis_pickeringii,Gaspar175,1,NA,1,1,1,1,NA,NA,NA,5,TRUE,FALSE
Oxalis_pillansiana,Oberlander0135,EU436938,NA,NA,NA,EU437082,NA,NA,NA,EU437225,3,TRUE,FALSE
Oxalis_pilulifera,Sartor48,NA,NA,1,NA,NA,NA,NA,NA,NA,1,FALSE,FALSE
Oxalis_pinguiculacea,Wood22147,JN618562,NA,JN836818,NA,JN639557,NA,JN836887,NA,NA,4,TRUE,FALSE
Oxalis_pocockiae,Dreyer626,EU436911,NA,NA,NA,AJ582344,NA,NA,NA,EU437199,3,TRUE,TRUE
Oxalis_polymorpha_subsp_polymorpha,Fiaschi4618,1,NA,NA,NA,NA,NA,NA,NA,NA,1,TRUE,FALSE
Oxalis_polymorpha_subsp_tijucana,Fiaschi44722,1,NA,NA,NA,NA,NA,NA,NA,NA,1,TRUE,FALSE
Oxalis_polymorpha_var_cauliflora,Richetti70,OQ623652,NA,OR099854,NA,OR099878,NA,NA,NA,NA,3,TRUE,FALSE
Oxalis_polyphylla,Cilliers0002,EU437010,NA,NA,NA,AJ582345,NA,NA,NA,EU437296,3,TRUE,FALSE
Oxalis_polyrhiza,Emshwiller960,NA,NA,NA,NA,NA,NA,NA,AF470316,NA,1,FALSE,FALSE
Oxalis_porphyriosiphon,Oberlander0167,EU436987,NA,NA,NA,EU437107,NA,NA,NA,EU437273,3,TRUE,FALSE
Oxalis_praetexta,Cabral159,OQ310889,NA,OQ296010,NA,OQ296037,NA,NA,NA,NA,3,TRUE,FALSE
Oxalis_primavera,Gardner50,JN618563,NA,JN836844,NA,JN639582,NA,JN836912,NA,NA,4,TRUE,FALSE
Oxalis_primuloides,Dreyer711,EU436966,NA,NA,NA,AJ582346,NA,NA,NA,EU437252,3,TRUE,TRUE
Oxalis_pseudocernua,Craven4781,EU436880,NA,NA,NA,EU437045,NA,NA,NA,EU437169,3,TRUE,FALSE
Oxalis_psilopoda,Oberlander0064,EU436891,NA,NA,NA,EU437052,NA,NA,NA,EU437179,3,TRUE,FALSE
Oxalis_psoraleoides_subsp_psoraleoides,Felix14001,KC602030,NA,KC602054,NA,EU437128,NA,KC602109,NA,NA,4,TRUE,FALSE
Oxalis_psoraleoides_subsp_insipida,Antar1317,NA,NA,OR099856,NA,OR099880,NA,NA,NA,NA,2,FALSE,FALSE
Oxalis_ptychoclada_var_ptychoclada,Emshwiller916,JN603197,NA,JN836786,NA,EU437134,NA,JN836857,NA,NA,4,TRUE,TRUE
Oxalis_ptychoclada_var_trichocarpa,Emshwiller600,NA,NA,NA,NA,NA,NA,NA,AF470262,NA,1,FALSE,FALSE
Oxalis_puberula,Rhoden7,1,NA,1,NA,1,NA,NA,NA,NA,3,TRUE,TRUE
Oxalis_pulchella,Dreyer612,EU436907,NA,NA,NA,AJ582347,NA,NA,NA,EU437195,3,TRUE,TRUE
Oxalis_punctata,Cilliers0005,EU436917,NA,NA,NA,AJ582367,NA,NA,NA,EU437205,3,TRUE,FALSE
Oxalis_purpurascens,Dreyer634,EU436881,NA,NA,NA,AJ582348,NA,NA,NA,EU437170,3,TRUE,TRUE
Oxalis_purpurea,Oberlander0024,EU436902,NA,NA,NA,AJ582349,NA,NA,NA,EU437190,3,TRUE,TRUE
Oxalis_pusilla,Dreyer746,EU437004,NA,NA,NA,AJ582350,NA,NA,NA,EU437290,3,TRUE,TRUE
Oxalis_pycnophylla,Heibl01-005,NA,JN607498,NA,JN587318,JN620148,NA,NA,NA,NA,3,FALSE,FALSE
Oxalis_pyrenea_var_macrochaeta,Cabral96,OQ623651,NA,OR099858,NA,OR099881,NA,NA,NA,NA,3,TRUE,TRUE
Oxalis_pyrenea_var_pyrenea,Sartor65,1,NA,1,NA,1,NA,NA,NA,NA,3,TRUE,TRUE
Oxalis_reclinata,Dreyer718,EU436968,NA,NA,NA,AJ582351,NA,NA,NA,EU437254,3,TRUE,TRUE
Oxalis_recticaulis,Oberlander0170,EU437003,NA,NA,NA,EU437115,NA,NA,NA,EU437289,3,TRUE,FALSE
Oxalis_refracta,Vaio496,KC602019,NA,KC602045,NA,KC602072,NA,KC602099,NA,NA,4,TRUE,FALSE
Oxalis_regnellii,Emshwiller456,U74279,NA,NA,NA,NA,NA,NA,NA,NA,1,TRUE,FALSE
Oxalis_rhombeo-ovata,Melo4750,PQ536103,NA,PQ585597,NA,PQ585613,NA,NA,NA,NA,3,TRUE,FALSE
Oxalis_ricardii,Heibl01-072,NA,NA,NA,JN587319,NA,NA,JN620109,NA,NA,2,FALSE,FALSE
Oxalis_rigida,Heibl03-096,NA,JN607499,NA,NA,JN620149,NA,NA,NA,NA,2,FALSE,FALSE
Oxalis_rosea,Lammers7916,JN603194,NA,JN836784,NA,JN639538,NA,JN836854,NA,JN627238,4,TRUE,TRUE
Oxalis_roselata,Rhoden16,PQ536104,NA,PQ585586,NA,PQ585603,NA,NA,NA,NA,3,TRUE,FALSE
Oxalis_salteri,Dreyer784,EU436932,NA,NA,NA,AJ582352,NA,NA,NA,EU437219,3,TRUE,TRUE
Oxalis_sarmentosa,VaioC13,KC602022,NA,KC602048,NA,KC602075,NA,KC602102,NA,NA,4,TRUE,FALSE
Oxalis_sciophila,Costa118,OQ310890,NA,OQ296011,NA,OQ296039,NA,NA,NA,NA,3,TRUE,TRUE
Oxalis_sellowiana_forma_alba,Vaio282,JN836779,NA,JN836809,NA,JN836763,NA,JN836879,NA,NA,4,TRUE,FALSE
Oxalis_sellowiana_forma_sellowiana,Giussani421,1,NA,NA,NA,1,NA,NA,NA,NA,2,TRUE,FALSE
Oxalis_sellowii,Cabral109,OQ623655,NA,OR099860,NA,OR099883,NA,NA,NA,NA,3,TRUE,TRUE
Oxalis_sepium,Radavelli76,NA,NA,1,NA,1,NA,NA,NA,NA,2,FALSE,FALSE
Oxalis_serpens,VaioC27,KC602017,NA,KC602043,NA,KC602070,NA,KC602097,NA,NA,4,TRUE,FALSE
Oxalis_setosa,Bellstedt770,EU436916,NA,NA,NA,EU437070,NA,NA,NA,EU437204,3,TRUE,FALSE
Oxalis_smithiana,Bellstedt699,EU436964,NA,NA,NA,EU437099,NA,NA,NA,EU437250,3,TRUE,FALSE
Oxalis_sonderiana,Dreyer694,EU436945,NA,NA,NA,EU437087,NA,NA,NA,EU437231,3,TRUE,FALSE
Oxalis_spiralis,Aoki85,LC206110,NA,LC206217,NA,LC206431,NA,LC206324,NA,NA,4,TRUE,FALSE
Oxalis_squamata,HeiblPfanzelt05-027,JN634752,NA,NA,JN587339,NA,NA,JN620110,NA,NA,3,TRUE,TRUE
Oxalis_squarrosa,Arancio14804,NA,JN607502,NA,JN587340,NA,NA,NA,NA,NA,2,FALSE,FALSE
Oxalis_staffordiana,Emshwiller512,NA,NA,NA,NA,NA,NA,NA,AF470314,NA,1,FALSE,FALSE
Oxalis_stellata,Oberlander0086,EU436894,NA,NA,NA,EU437054,NA,NA,NA,EU437182,3,TRUE,FALSE
Oxalis_stenopetala,Dreyer675,EU436983,NA,NA,NA,AJ582353,NA,NA,NA,EU437269,3,TRUE,TRUE
Oxalis_stenoptera,Oberlander0138,EU436934,NA,NA,NA,EU437079,NA,NA,NA,EU437221,3,TRUE,FALSE
Oxalis_stictocheila,Dreyer749,EU436996,NA,NA,NA,AJ582355,NA,NA,NA,EU437282,3,TRUE,TRUE
Oxalis_stricta,GardnerstrictaB,NA,NA,KC602037,NA,KC602061,NA,KC602089,NA,NA,3,FALSE,FALSE
Oxalis_strigosa,Oberlander0093,EU436959,NA,NA,NA,EU437096,NA,NA,NA,EU437245,3,TRUE,FALSE
Oxalis_suavis,Oberlander0075,EU436937,NA,NA,NA,EU437081,NA,NA,NA,EU437224,3,TRUE,FALSE
Oxalis_subacaulis,Salomon245,MH220865,MH998373,NA,NA,NA,NA,NA,NA,NA,2,TRUE,FALSE
Oxalis_subintegra,Emshwiller799,NA,NA,NA,NA,NA,NA,NA,AF470242,NA,1,FALSE,FALSE
Oxalis_suborbiculata,Cabral110,OQ623656,NA,OR099861,NA,OR099884,NA,NA,NA,NA,3,TRUE,TRUE
Oxalis_suteroides,Oberlander0115,EU436963,NA,NA,NA,EU437098,NA,NA,NA,EU437249,3,TRUE,FALSE
Oxalis_tabaconasensis,Emshwiller786,NA,NA,NA,NA,NA,NA,NA,AF470264,NA,1,FALSE,FALSE
Oxalis_taimonii,Wang4456,LC206081,NA,LC215384,NA,NA,NA,NA,NA,NA,2,TRUE,FALSE
Oxalis_tenella,Dreyer639,EU436978,NA,NA,NA,AJ582356,NA,NA,NA,EU437264,3,TRUE,TRUE
Oxalis_teneriensis,Emshwiller511,NA,NA,NA,NA,NA,NA,NA,AF470315,NA,1,FALSE,FALSE
Oxalis_tenerrima,VaioC30,KC602012,NA,KC602041,NA,KC602067,NA,KC602093,NA,NA,4,TRUE,FALSE
Oxalis_tenuifolia,Oberlander0027,EU436995,NA,NA,NA,EU437112,NA,NA,NA,EU437281,3,TRUE,FALSE
Oxalis_tenuipes,Dreyer800,EU436986,NA,NA,NA,AJ582358,NA,NA,NA,EU437271,3,TRUE,TRUE
Oxalis_tenuis,Dreyer793,EU436989,NA,NA,NA,AJ582359,NA,NA,NA,EU437275,3,TRUE,TRUE
Oxalis_tetraphylla,EmshwillerDEPP,JN618566,NA,JN836847,NA,JN639585,NA,JN836914,NA,NA,4,TRUE,FALSE
Oxalis_tijucana,Vasques85,1,NA,1,NA,1,NA,NA,NA,NA,3,TRUE,FALSE
Oxalis_tomentosa,Roller0006,EU437022,NA,NA,NA,AJ582360,NA,NA,NA,EU437308,3,TRUE,FALSE
Oxalis_tortuosa,KrausK-94,JN634754,JN607503,NA,JN587341,NA,NA,JN620111,NA,JN627240,6,TRUE,FALSE
Oxalis_triangularis_subsp_papilionacea,Emshwiller456,JN618512,NA,JN836793,NA,EU437141,NA,JN836864,NA,NA,4,TRUE,TRUE
Oxalis_triangularis_subsp_triangularis,MO1165,FJ410328,NA,NA,NA,NA,NA,NA,NA,NA,1,TRUE,TRUE
Oxalis_triangulata,Aoki34,LC206052,NA,LC206160,NA,LC206374,NA,LC206267,NA,NA,4,TRUE,FALSE
Oxalis_trillifolia,MO275113,LC368450,NA,LC368452,NA,LC368454,NA,LC368453,NA,NA,4,TRUE,FALSE
Oxalis_trollii,Wood22158,JN618569,NA,JN836849,NA,JN639587,NA,JN836916,NA,NA,4,TRUE,FALSE
Oxalis_truncatula,Dreyer605,EU436960,NA,NA,NA,AJ582361,NA,NA,NA,EU437246,3,TRUE,TRUE
Oxalis_tuberosa,Emshwiller97:50-02,JN603198,NA,JN836787,NA,KC602077,NA,KC602104,NA,NA,4,TRUE,FALSE
Oxalis_uliginosa,MO394uliginosa,EU436933,NA,NA,NA,EU437078,NA,NA,NA,EU437220,3,TRUE,FALSE
Oxalis_umbraticola,Richetti69,PQ536105,NA,PQ585600,NA,PQ585616,NA,NA,NA,NA,3,TRUE,FALSE
Oxalis_unduavensis,Emshwiller168/291/351,U74260,NA,NA,NA,NA,NA,NA,NA,NA,1,TRUE,FALSE
Oxalis_urbaniana,Bytebier2015,EU436999,NA,NA,NA,AJ582362,NA,NA,NA,EU437285,3,TRUE,FALSE
Oxalis_valdiviensis,HeiblPfanzelt05-016,JN634755,NA,NA,JN587342,JN620152,NA,JN620112,NA,EU437162,4,TRUE,TRUE
Oxalis_veadeirosensis,Fiaschi5330,1,NA,1,NA,1,NA,NA,NA,NA,3,TRUE,TRUE
Oxalis_versicolor,Oberlander0034,EU437006,NA,NA,NA,AJ582363,NA,NA,NA,EU437292,3,TRUE,TRUE
Oxalis_villosula,UnknownN,Z66547,NA,NA,NA,NA,NA,NA,NA,NA,1,TRUE,FALSE
Oxalis_violacea,GardnerAGVIO1,JN618570,NA,JN836850,NA,JN639588,NA,JN836917,NA,NA,4,TRUE,FALSE
Oxalis_virgata,Emshwiller292,U74267,NA,NA,NA,EU437131,NA,NA,NA,NA,2,TRUE,FALSE
Oxalis_virginea,MO580virginea,EU436955,NA,NA,NA,EU437092,NA,NA,NA,EU437241,3,TRUE,FALSE
Oxalis_virgosa,Ehrhart6-134,NA,NA,NA,JN587343,JN620153,NA,NA,NA,NA,2,FALSE,FALSE
Oxalis_viscosa,Dreyer642,EU436949,NA,NA,NA,AJ582364,NA,NA,NA,EU437235,3,TRUE,TRUE
Oxalis_vulcanicola,MO702cfhedysaroides,EU436872,NA,NA,NA,EU437038,NA,NA,NA,EU437161,3,TRUE,FALSE
Oxalis_weberbaueri,Emshwiller746,NA,NA,NA,NA,NA,NA,NA,AF470259,NA,1,FALSE,FALSE
Oxalis_wulingensis,Deng544,JX445132,NA,NA,NA,NA,NA,NA,NA,NA,1,TRUE,FALSE
Oxalis_xantha,Dreyer671,EU436980,NA,NA,NA,AJ582365,NA,NA,NA,EU437266,3,TRUE,TRUE
Oxalis_yungasensis,Emshwiller437/350,U74286,NA,NA,NA,NA,NA,NA,NA,NA,1,TRUE,FALSE
Oxalis_zamorana,Balslev6515,OQ623657,NA,NA,NA,OR099886,NA,NA,NA,NA,2,TRUE,FALSE
Oxalis_zeekoevleyensis,Oberlander0012,EU436900,NA,NA,NA,EU437059,NA,NA,NA,EU437188,3,TRUE,FALSE
Oxalis_zeyheri,MO590cfzeyheri,EU436962,NA,NA,NA,EU437097,NA,NA,NA,EU437248,3,TRUE,FALSE
