taxon,specimen,ITS,psbJ_petA,trnT_trnL,trnL_trnF,ncpGS,psbA_trnH,rbcL,trnS_trnG,X,Nmarker,Kmarker,duplicate
Oxalis_acetosella,HeiblBotGardenMunich01,JN634720,NA,JN620084,JN620117,NA,JN592057,JN587320,JN627218,NA,6,TRUE,FALSE
Oxalis_adenodes,Dreyer716,EU436903,NA,NA,EU437060,NA,NA,NA,EU437191,NA,3,TRUE,FALSE
Oxalis_adenophylla,HeiblPfanzelt05-024,JN634721,NA,JN620085,JN620118,NA,JN592058,JN587321,NA,NA,5,TRUE,FALSE
Oxalis_adpressipila,Kuhlmann6587h,OQ310891,NA,NA,OQ296038,NA,NA,NA,NA,NA,2,TRUE,FALSE
Oxalis_adspersa,Dreyer635,EU436936,NA,NA,AJ582290,NA,NA,NA,EU437223,NA,3,TRUE,TRUE
Oxalis_aff_campylorrhiza,Dreyer689,EU436948,NA,NA,EU437089,NA,NA,NA,EU437234,NA,3,TRUE,FALSE
Oxalis_aff_distincta,Emshwiller289/321/447,U74266,NA,NA,NA,NA,NA,NA,NA,NA,1,TRUE,FALSE
Oxalis_aff_spiralis,Emshwiller184,U74261,NA,NA,NA,NA,NA,NA,NA,NA,1,TRUE,FALSE
Oxalis_aff_tuberosa,Emshwiller260,U74287,NA,NA,NA,NA,NA,NA,NA,NA,1,TRUE,FALSE
Oxalis_aff_umbraticola,Rhoden19,NA,PQ585598,NA,PQ585614,NA,NA,NA,NA,NA,2,FALSE,FALSE
Oxalis_alpina,Gardner45,JN618513,JN836794,JN836865,JN639543,NA,NA,NA,NA,NA,4,TRUE,FALSE
Oxalis_alstonii,UnknownN,MH705067,MH705088,MH705080,EU437129,NA,NA,NA,NA,NA,4,TRUE,FALSE
Oxalis_alstonii_subsp_lutzii,Melo_4829,PQ536091,PQ585585,NA,PQ585602,NA,NA,NA,NA,NA,3,TRUE,FALSE
Oxalis_alvimii,Fiaschi4597,OQ310870,OQ295991,NA,OQ296017,NA,NA,NA,NA,NA,3,TRUE,TRUE
Oxalis_ambigua,Oberlander0140,EU436905,NA,NA,EU437061,NA,NA,NA,EU437193,NA,3,TRUE,FALSE
Oxalis_amblyodonta,Bayer7397,EU437007,NA,NA,EU437116,NA,NA,NA,EU437293,NA,3,TRUE,FALSE
Oxalis_amblyosepala,Oberlander0168,EU436982,NA,NA,EU437105,NA,NA,NA,EU437268,NA,3,TRUE,FALSE
Oxalis_amorimii,Fiaschi5457,PQ536092,PQ585589,NA,PQ585606,NA,NA,NA,NA,NA,3,TRUE,FALSE
Oxalis_andina,Emshwiller315,U74263,NA,NA,NA,AF098983,NA,NA,NA,NA,1,TRUE,TRUE
Oxalis_animarum,Fiaschi4591,OQ623653,OR099855,NA,OR099879,NA,NA,NA,NA,NA,3,TRUE,TRUE
Oxalis_annae,Mucina170903/3,EU436920,NA,NA,EU437072,NA,NA,NA,EU437208,NA,3,TRUE,FALSE
Oxalis_arbuscula,HeiblPfanzelt05-050,JN634722,NA,JN620086,JN620119,NA,JN592059,JN587322,NA,NA,5,TRUE,FALSE
Oxalis_arenaria,Heibl03-094,JN634723,NA,JN620087,JN620120,NA,JN592060,JN587330,JN627219,NA,6,TRUE,FALSE
Oxalis_argentina,Emshwiller235,JN618516,JN836797,NA,EU437143,NA,NA,NA,NA,NA,3,TRUE,FALSE
Oxalis_argillacea,Dreyer786,EU436940,NA,NA,AJ582294,NA,NA,NA,EU437227,NA,3,TRUE,TRUE
Oxalis_argyrophylla,Oberlander0040,EU437005,NA,NA,AJ582295,NA,NA,NA,EU437291,NA,3,TRUE,FALSE
Oxalis_aridicola,Dreyer672,EU436977,NA,NA,AJ582296,NA,NA,NA,EU437263,NA,3,TRUE,TRUE
Oxalis_articulata,UnknownN,Z66545,NA,NA,NA,NA,NA,NA,NA,NA,1,TRUE,TRUE
Oxalis_articulata_forma_crassipes,Emshwiller463,JN618506,JN836788,JN836859,EU437146,NA,NA,NA,NA,NA,4,TRUE,TRUE
Oxalis_articulata_subsp_articulata,Vaio505,KX249612,KX249662,KX249639,KX249636,NA,NA,NA,NA,NA,4,TRUE,FALSE
Oxalis_articulata_subsp_rubra,Emshwiller146,JN618507,JN836789,JN836860,EU437147,NA,NA,NA,NA,NA,4,TRUE,FALSE
Oxalis_atacamensis,Heibl01-054,JN634724,NA,JN620088,JN620121,NA,JN592061,JN587323,NA,NA,5,TRUE,FALSE
Oxalis_attaquana,Bayer7007,EU436918,NA,NA,EU437071,NA,NA,NA,EU437206,NA,3,TRUE,FALSE
Oxalis_aurea,Dreyer771,EU436935,NA,NA,EU437080,NA,NA,NA,EU437222,NA,3,TRUE,FALSE
Oxalis_aureoflava,Zollitsch61,NA,NA,NA,JN620122,NA,JN592062,NA,NA,NA,2,FALSE,FALSE
Oxalis_barrelieri,UnknownN,KC602027,KC602052,KC602107,KC602081,NA,NA,NA,NA,NA,4,TRUE,FALSE
Oxalis_bela-vitoriae,Fiaschi4606,OQ310871,OQ295992,NA,OQ296018,NA,NA,NA,NA,NA,3,TRUE,FALSE
Oxalis_bifida,Dreyer608,EU437017,NA,NA,AJ582297,NA,NA,NA,EU437303,NA,3,TRUE,TRUE
Oxalis_bifrons,Fiaschi3633,KC602021,KC602047,KC602101,KC602074,NA,NA,NA,NA,NA,4,TRUE,TRUE
Oxalis_bifurca,Bellstedt764,EU436965,NA,NA,EU437100,NA,NA,NA,EU437251,NA,3,TRUE,FALSE
Oxalis_bipartita,Vaio320,JN836778,JN836810,NA,NA,NA,NA,NA,NA,NA,2,TRUE,FALSE
Oxalis_bipartita_subsp_bipartita,Vaio320,JN836778,JN836810,JN836880,NA,NA,NA,NA,NA,NA,3,TRUE,FALSE
Oxalis_bisfracta,Emshwiller232,KC602010,KC602039,KC602091,KC602065,NA,NA,NA,NA,NA,4,TRUE,FALSE
Oxalis_blackii,Costa115,MH705068,MH705089,MH705081,MH705073,NA,NA,NA,NA,NA,4,TRUE,TRUE
Oxalis_blastorrhiza,Dreyer788,EU436974,NA,NA,AJ582298,NA,NA,NA,EU437260,NA,3,TRUE,TRUE
Oxalis_boliviana,Emshwiller310,U74264,NA,NA,NA,NA,NA,NA,NA,NA,1,TRUE,FALSE
Oxalis_bowiei,MO502cfbowiei,EU436895,NA,NA,EU437055,NA,NA,NA,EU437183,NA,3,TRUE,FALSE
Oxalis_brasiliensis,EmshwillerBRAS2,JN618520,JN836798,JN836868,JN639546,NA,NA,NA,NA,NA,4,TRUE,FALSE
Oxalis_bulbocastanum,Heibl01-071,JN634726,NA,JN620089,JN620123,NA,JN592063,JN587324,NA,NA,5,TRUE,FALSE
Oxalis_bullulata,Dreyer792,EU436908,NA,NA,EU437063,NA,NA,NA,EU437196,NA,3,TRUE,FALSE
Oxalis_burkei,Dreyer618,EU437029,NA,NA,AJ582299,NA,NA,NA,NA,NA,2,TRUE,TRUE
Oxalis_burtoniae,Oberlander0031,EU437008,NA,NA,AJ582300,NA,NA,NA,EU437294,NA,3,TRUE,FALSE
Oxalis_caerulea,Gardner39,JN618517,JN836800,JN836870,JN639548,NA,NA,NA,NA,NA,4,TRUE,FALSE
Oxalis_caesariata,Radavelli62,PP175925,PP179506,NA,PP179510,NA,NA,NA,NA,NA,3,TRUE,FALSE
Oxalis_caesia,Heibl02-012,JN634727,NA,JN620090,JN620124,NA,JN602084,JN587325,JN627221,NA,6,TRUE,FALSE
Oxalis_calachaccensis,Emshwiller880X,KC602009,KC602038,NA,KC602063,NA,NA,NA,NA,NA,3,TRUE,FALSE
Oxalis_callosa,Oberlander0120,EU436973,NA,NA,EU437103,NA,NA,NA,EU437259,NA,3,TRUE,FALSE
Oxalis_camelopardalis,Oberlander0071,EU437012,NA,NA,EU437119,NA,NA,NA,EU437298,NA,3,TRUE,FALSE
Oxalis_campicola,Dreyer780,EU436981,NA,NA,AJ582301,NA,NA,NA,EU437267,NA,3,TRUE,TRUE
Oxalis_campylorrhiza,Dreyer696,EU436947,NA,NA,AJ582302,NA,NA,NA,EU437233,NA,3,TRUE,TRUE
Oxalis_capillacea,Dreyer625,EU437013,NA,NA,AJ582304,NA,NA,NA,EU437299,NA,3,TRUE,TRUE
Oxalis_capixaba,Costa117,OQ310893,OQ296013,NA,OQ296041,NA,NA,NA,NA,NA,3,TRUE,TRUE
Oxalis_caprina,DreyerOberlander0001,EU436892,NA,NA,AJ582305,NA,NA,NA,EU437180,NA,3,TRUE,TRUE
Oxalis_cardenasiana,Wood22331,JN618519,JN836799,JN836869,JN639547,NA,NA,NA,NA,NA,4,TRUE,FALSE
Oxalis_cathara,MO582cathara,EU436931,NA,NA,EU437077,NA,NA,NA,EU437218,NA,3,TRUE,FALSE
Oxalis_cf_alpina,Weller979,JN618565,JN836846,JN836913,JN639584,NA,NA,NA,NA,NA,4,TRUE,FALSE
Oxalis_cf_canaliculata,BayerN,EU436946,NA,NA,EU437088,NA,NA,NA,EU437232,NA,3,TRUE,FALSE
Oxalis_cf_helicoides,Dreyer688,NA,NA,NA,AJ582306,NA,NA,NA,NA,NA,1,FALSE,FALSE
Oxalis_cf_megalorrhiza,Dreyer809,EU436871,NA,NA,EU437037,NA,NA,NA,NA,NA,2,TRUE,FALSE
Oxalis_cf_melilotoides,Emshwiller190,NA,NA,NA,NA,AF470245,NA,NA,NA,NA,1,FALSE,FALSE
Oxalis_cf_pachyrrhiza,Dreyer809,EU436871,NA,NA,EU437037,NA,NA,NA,EU437160,NA,3,TRUE,FALSE
Oxalis_cf_peduncularis,Emshwiller850,NA,NA,NA,NA,AF470263,NA,NA,NA,NA,1,FALSE,FALSE
Oxalis_cf_polymorpha,Fiaschi4618,PQ536094,PQ585594,NA,PQ585611,NA,NA,NA,NA,NA,3,TRUE,FALSE
Oxalis_cf_pulvinata,MO576cfpulvinata,EU436926,NA,NA,EU437076,NA,NA,NA,EU437213,NA,3,TRUE,FALSE
Oxalis_cf_tragopoda,MO490cftragopoda,EU436897,NA,NA,EU437057,NA,NA,NA,EU437185,NA,3,TRUE,FALSE
Oxalis_cf_tuberosa,Emshwiller259,NA,NA,NA,NA,AF470274,NA,NA,NA,NA,1,FALSE,TRUE
Oxalis_chachahuensis,MartinezCarretero1570,MH220862,NA,NA,NA,NA,MH998371,NA,NA,NA,2,TRUE,FALSE
Oxalis_ciliaris,Dreyer613,EU436979,NA,NA,AJ582307,NA,NA,NA,EU437265,NA,3,TRUE,TRUE
Oxalis_ciliata,Cabral124,NA,OR099841,NA,OR099867,NA,NA,NA,NA,NA,2,FALSE,FALSE
Oxalis_cinerea,Heibl03-095,JN634728,NA,JN620091,JN620125,NA,JN602085,NA,NA,NA,4,TRUE,TRUE
Oxalis_cipoensis,Costa110,PQ536096,PQ585587,NA,PQ585604,NA,NA,NA,NA,NA,3,TRUE,FALSE
Oxalis_clavifolia,Oberlander0141,EU436951,NA,NA,EU437090,NA,NA,NA,EU437237,NA,3,TRUE,FALSE
Oxalis_colatinensis,Fiaschi4625,MH705069,MH705090,MH705082,MH705074,NA,NA,NA,NA,NA,4,TRUE,TRUE
Oxalis_commutata,Dreyer606,EU436898,NA,NA,AJ582308,NA,NA,NA,EU437186,NA,3,TRUE,TRUE
Oxalis_comosa,Mucina220901/30A,EU436954,NA,NA,EU437091,NA,NA,NA,EU437240,NA,3,TRUE,FALSE
Oxalis_compacta,Teillier5013,JN634729,NA,NA,NA,NA,JN602086,NA,NA,NA,2,TRUE,TRUE
Oxalis_compressa,BayerOberlander0009,EU436883,NA,NA,EU437046,NA,NA,NA,EU437172,NA,3,TRUE,FALSE
Oxalis_comptonii,Dreyer802,EU436985,NA,NA,AJ582309,NA,NA,NA,EU437272,NA,3,TRUE,TRUE
Oxalis_confertifolia,Oberlander0075,EU437011,NA,NA,EU437118,NA,NA,NA,EU437297,NA,3,TRUE,FALSE
Oxalis_conorrhiza,Vaio175,KC602015,NA,KC602096,KC602069,NA,NA,NA,NA,NA,3,TRUE,FALSE
Oxalis_convexula,Oberlander0014,EU436913,NA,NA,EU437067,NA,NA,NA,EU437201,NA,3,TRUE,FALSE
Oxalis_copiosa,Oberlander0021,EU436887,NA,NA,EU437049,NA,NA,NA,EU437176,NA,3,TRUE,FALSE
Oxalis_cordata,Cabral125,NA,OR099842,NA,OR099868,NA,NA,NA,NA,NA,2,FALSE,FALSE
Oxalis_cornicarpa,Fiaschi5442,OQ310887,OQ296008,NA,OQ296035,NA,NA,NA,NA,NA,3,TRUE,FALSE
Oxalis_corniculata,GardnerS1,KC602004,KC602032,KC602085,KC602056,NA,NA,NA,NA,NA,4,TRUE,FALSE
Oxalis_corymbosa,Aoki16,LC206018,LC206126,LC206233,LC206340,NA,NA,NA,NA,NA,4,TRUE,FALSE
Oxalis_crassipes,Emshwiller463,U74265,NA,NA,NA,NA,NA,NA,NA,NA,1,TRUE,FALSE
Oxalis_cratensis,Vaio404,NA,MH705091,MH705083,MH705075,NA,NA,NA,NA,NA,3,FALSE,FALSE
Oxalis_crocea,Dreyer693,EU436950,NA,NA,AJ582311,NA,NA,NA,EU437236,NA,3,TRUE,TRUE
Oxalis_cuneata,Dreyer791,EU436969,NA,NA,EU437101,NA,NA,NA,EU437255,NA,3,TRUE,FALSE
Oxalis_cuzcensis,Emshwiller532,NA,NA,NA,NA,AF470254,NA,NA,NA,NA,1,FALSE,FALSE
Oxalis_cytisoides,Cabral139,OQ310874,OQ295995,NA,OQ296021,NA,NA,NA,NA,NA,3,TRUE,TRUE
Oxalis_debilis,Vaio62,JN836774,JN836806,JN836876,JN836760,NA,NA,NA,NA,NA,4,TRUE,TRUE
Oxalis_debilis_var_corymbosa,Vaio62,JN836774,JN836806,JN836876,JN836760,NA,NA,NA,NA,NA,4,TRUE,FALSE
Oxalis_debilis_var_debilis,Emshwiller171,JN618521,JN836803,JN836873,EU437144,NA,NA,NA,NA,NA,4,TRUE,TRUE
Oxalis_decaphylla,Rodriguez2610,JN618524,JN836820,JN836889,JN639559,NA,NA,NA,NA,NA,4,TRUE,FALSE
Oxalis_decipiens,Richetti64,PQ536097,PQ585588,NA,PQ585605,NA,NA,NA,NA,NA,3,TRUE,FALSE
Oxalis_densa,Oberlander0169,EU436921,NA,NA,EU437073,NA,NA,NA,EU437209,NA,3,TRUE,FALSE
Oxalis_densifolia,Cabral93,OQ310875,OQ295996,NA,OQ296022,NA,NA,NA,NA,NA,3,TRUE,TRUE
Oxalis_dentata,Cilliers0004,EU436888,NA,NA,AJ582312,NA,NA,NA,EU437177,NA,3,TRUE,TRUE
Oxalis_depressa,Oberlander0085,EU436909,NA,NA,EU437064,NA,NA,NA,EU437197,NA,3,TRUE,FALSE
Oxalis_deserticola,Oberlander0114,EU436939,NA,NA,EU437083,NA,NA,NA,EU437226,NA,3,TRUE,FALSE
Oxalis_diamantinae,Richetti61,OQ623649,OR099851,NA,OR099876,NA,NA,NA,NA,NA,3,TRUE,FALSE
Oxalis_dichotoma,Oberlander0052,EU436893,NA,NA,EU437053,NA,NA,NA,EU437181,NA,3,TRUE,FALSE
Oxalis_dilatata,BayerOberlander0014,EU436910,NA,NA,EU437065,NA,NA,NA,EU437198,NA,3,TRUE,FALSE
Oxalis_dillenii,Walter6565,EU436868,NA,KC602090,EU437034,NA,NA,NA,EU437157,NA,3,TRUE,TRUE
Oxalis_dines,Helme1355,EU436943,NA,NA,EU437085,NA,NA,NA,NA,NA,2,TRUE,FALSE
Oxalis_discolor,Gardner35,JN618525,JN836821,JN836890,JN639560,NA,NA,NA,NA,NA,4,TRUE,FALSE
Oxalis_disticha,Oberlander0159,EU436942,NA,NA,EU437084,NA,NA,NA,EU437229,NA,3,TRUE,FALSE
Oxalis_divaricata,Felix13386,KC602028,KC602055,KC602111,KC602082,NA,NA,NA,NA,NA,4,TRUE,TRUE
Oxalis_divergens,Gardner58,JN618527,JN836822,JN836891,JN639561,NA,NA,NA,NA,NA,4,TRUE,FALSE
Oxalis_dolichopoda,Emshwiller292,U74267,NA,NA,NA,NA,NA,NA,NA,NA,1,TRUE,TRUE
Oxalis_dregei,Mucina210903/11,EU436930,NA,NA,AJ582313,NA,NA,NA,EU437217,NA,3,TRUE,TRUE
Oxalis_droseroides,Oberlander0079,EU436994,NA,NA,EU437111,NA,NA,NA,EU437280,NA,3,TRUE,FALSE
Oxalis_drummondii,Weller965,JN618528,JN836823,JN836892,JN639562,NA,NA,NA,NA,NA,4,TRUE,FALSE
Oxalis_dumetorum,Mihoc7330,JN634731,NA,NA,NA,NA,JN602088,NA,JN627222,NA,3,TRUE,TRUE
Oxalis_duriuscula,Oberlander0082,EU437020,NA,NA,EU437123,NA,NA,NA,EU437306,NA,3,TRUE,FALSE
Oxalis_ebracteata,Dreyer644,EU436990,NA,NA,AJ582314,NA,NA,NA,EU437276,NA,3,TRUE,TRUE
Oxalis_eckloniana,Dreyer628,EU437025,NA,NA,AJ582315,NA,NA,NA,EU437311,NA,3,TRUE,TRUE
Oxalis_engleriana,Oberlander0010,EU436961,NA,NA,AJ582316,NA,NA,NA,EU437247,NA,3,TRUE,TRUE
Oxalis_enneaphylla,HeiblMunozToro04-045,JN634732,NA,JN620092,JN620127,NA,JN602089,NA,JN627223,NA,5,TRUE,FALSE
Oxalis_eriocarpa,Vaio31,KC602020,KC602046,KC602100,KC602073,NA,NA,NA,NA,NA,4,TRUE,TRUE
Oxalis_eriolepis,Emshwiller155,JN618530,JN836824,JN836893,JN639563,NA,NA,NA,NA,NA,4,TRUE,FALSE
Oxalis_erosa,UnknownN,MH705070,MH705092,MH705084,MH705076,NA,NA,NA,NA,NA,4,TRUE,TRUE
Oxalis_erythrorhiza,Zuloaga12781,MH220857,NA,NA,NA,NA,MH998365,NA,NA,NA,2,TRUE,FALSE
Oxalis_exserta,Dreyer686,EU436967,NA,NA,AJ582317,NA,NA,NA,EU437253,NA,3,TRUE,TRUE
Oxalis_fabaefolia,Dreyer721/A,EU436925,NA,NA,EU437075,NA,NA,NA,EU437212,NA,3,TRUE,FALSE
Oxalis_falcatula,Oberlander0096,EU436992,NA,NA,EU437109,NA,NA,NA,EU437278,NA,3,TRUE,FALSE
Oxalis_famatinae,Zuloaga11970,MH220858,NA,NA,NA,NA,MH998374,NA,NA,NA,2,TRUE,FALSE
Oxalis_fenestrata,MO1532,KF154263,NA,NA,NA,NA,NA,NA,NA,NA,1,TRUE,FALSE
Oxalis_fergusoniae,Oberlander0111,EU436912,NA,NA,EU437066,NA,NA,NA,EU437200,NA,3,TRUE,FALSE
Oxalis_fibrosa,Oberlander0051,EU436958,NA,NA,EU437095,NA,NA,NA,EU437244,NA,3,TRUE,FALSE
Oxalis_flagellata,Emshwiller246,NA,NA,NA,NA,AF098982,NA,NA,NA,NA,1,FALSE,FALSE
Oxalis_flava,Dreyer614,EU436924,NA,EU437372,AJ582318,NA,NA,NA,EU437211,NA,3,TRUE,TRUE
Oxalis_flaviuscula,Dreyer701,EU436929,NA,NA,AJ582319,NA,NA,NA,EU437216,NA,3,TRUE,TRUE
Oxalis_floribunda,Vaio358,JN836767,JN836790,JN836861,JN836758,NA,NA,NA,NA,NA,4,TRUE,TRUE
Oxalis_floribunda_subsp_floribunda,Vaio358,JN836767,JN836790,JN836861,JN836758,NA,NA,NA,NA,NA,4,TRUE,FALSE
Oxalis_floribunda_subsp_ostenii,Vaio388,KX249623,KX249665,KX249648,KX249647,NA,NA,NA,NA,NA,4,TRUE,FALSE
Oxalis_fontana,Whang30761,EU274622,NA,NA,NA,NA,NA,NA,NA,NA,1,TRUE,FALSE
Oxalis_formosana,Aoki181,LC206020,LC206128,LC206235,LC206342,NA,NA,NA,NA,NA,4,TRUE,FALSE
Oxalis_fourcadei,BeanVlok2046,EU436923,NA,NA,EU437074,NA,NA,NA,NA,NA,2,TRUE,FALSE
Oxalis_frutescens,Vaio426,KC602026,KC602051,KC602106,KC602080,NA,NA,NA,NA,NA,4,TRUE,TRUE
Oxalis_fruticosa,Fiaschi4658,OQ310877,OQ295998,NA,OQ296024,NA,NA,NA,NA,NA,3,TRUE,TRUE
Oxalis_furcillata,Oberlander0022,EU436952,NA,NA,AJ582320,NA,NA,NA,EU437238,NA,3,TRUE,FALSE
Oxalis_galeottii,Gardner60,JN618531,JN836827,JN836895,JN639566,NA,NA,NA,NA,NA,4,TRUE,FALSE
Oxalis_gardneriana,Scatigna1336,PQ847008,PQ846555,NA,NA,NA,NA,NA,NA,NA,2,TRUE,FALSE
Oxalis_geralensis,UnknownN,KX249625,NA,KX249649,KX249650,NA,NA,NA,NA,NA,3,TRUE,TRUE
Oxalis_giftbergensis,Dreyer796,EU436988,NA,NA,AJ582321,NA,NA,NA,EU437274,NA,3,TRUE,FALSE
Oxalis_gigantea,HeiblMunozToro04-010,JN634733,NA,JN620093,NA,NA,NA,NA,JN627224,NA,3,TRUE,FALSE
Oxalis_glabra,Mucina170601/2,EU437000,NA,NA,AJ582322,NA,NA,NA,EU437286,NA,3,TRUE,FALSE
Oxalis_glaucescens,Felix13539,KC602029,KC602053,KC602108,KC602083,NA,NA,NA,NA,NA,4,TRUE,TRUE
Oxalis_goniorrhiza,Oberlander0157,EU437002,NA,NA,EU437114,NA,NA,NA,EU437288,NA,3,TRUE,FALSE
Oxalis_goyazensis,Cabral100,OQ623643,OR099845,NA,OR099871,NA,NA,NA,NA,NA,3,TRUE,FALSE
Oxalis_gracilipes,Dreyer645,EU436991,NA,NA,EU437108,NA,NA,NA,EU437277,NA,3,TRUE,FALSE
Oxalis_gracilis,Oberlander123,EU436976,NA,NA,EU437104,NA,NA,NA,EU437262,NA,3,TRUE,FALSE
Oxalis_grammopetala,Oberlander0156,EU436906,NA,NA,EU437062,NA,NA,NA,EU437194,NA,3,TRUE,FALSE
Oxalis_grammophylla,Dreyer670,EU437016,NA,NA,AJ582323,NA,NA,NA,EU437302,NA,3,TRUE,TRUE
Oxalis_gregaria,Roe1597,JN618532,JN836826,NA,JN639565,NA,NA,NA,NA,NA,3,TRUE,FALSE
Oxalis_griffithii,Aoki35,LC206055,LC206163,LC206270,LC206377,NA,NA,NA,NA,NA,4,TRUE,FALSE
Oxalis_grisea,Vaio512,KC602025,KC602050,KC602105,KC602079,NA,NA,NA,NA,NA,4,TRUE,TRUE
Oxalis_gyrorhiza,Heibl02-035,NA,NA,NA,JN620129,NA,JN602093,NA,JN627225,NA,3,FALSE,TRUE
Oxalis_haedulipes,Mucina180903/9,EU436886,NA,NA,EU437048,NA,NA,NA,EU437175,NA,3,TRUE,FALSE
Oxalis_hedysarifolia,Almeida1980,OQ623642,OR099840,NA,OR099866,NA,NA,NA,NA,NA,3,TRUE,FALSE
Oxalis_hepatica,Nuernberg1800,OQ623645,OR099847,NA,OR099872,NA,NA,NA,NA,NA,3,TRUE,FALSE
Oxalis_hernandesii,Gardner56,JN618534,JN836825,JN836894,JN639564,NA,NA,NA,NA,NA,4,TRUE,FALSE
Oxalis_herrerae,Emshwiller459,U74269,NA,NA,NA,NA,NA,NA,NA,NA,1,TRUE,FALSE
Oxalis_heterophylla,BayerOberlander0008,EU437018,NA,NA,EU437121,NA,NA,NA,EU437304,NA,3,TRUE,FALSE
Oxalis_hirsutibulba,MO1519,KF154266,NA,NA,NA,NA,NA,NA,NA,NA,1,TRUE,FALSE
Oxalis_hirsutissima,Cordeiro987,OQ623646,NA,NA,OR099874,NA,NA,NA,NA,NA,2,TRUE,FALSE
Oxalis_hirta,Dreyer646,EU436971,NA,NA,AJ582324,NA,NA,NA,EU437257,NA,3,TRUE,TRUE
Oxalis_hispidula,Vaio44,JN836776,JN836811,NA,JN836765,NA,NA,NA,NA,NA,3,TRUE,FALSE
Oxalis_holosericea,HeiblPfanzelt05-025,JN634734,NA,JN620094,JN620130,NA,JN607481,JN587327,JN627226,NA,6,TRUE,FALSE
Oxalis_humbertii,Emshwiller604,NA,NA,NA,NA,AF470247,NA,NA,NA,NA,1,FALSE,FALSE
Oxalis_hyalotricha_subsp_borealis,Melo4854,OQ623648,OR099850,NA,OR099875,NA,NA,NA,NA,NA,3,TRUE,TRUE
Oxalis_hyalotricha_subsp_hyalotricha,Cabral170,OQ623647,OR099849,NA,NA,NA,NA,NA,NA,NA,2,TRUE,TRUE
Oxalis_hygrophila,KumwendaDreyer0001,EU437024,NA,NA,AJ582333,NA,NA,NA,EU437310,NA,3,TRUE,FALSE
Oxalis_hypsophila,Dreyer805,EU436874,NA,NA,EU437040,NA,NA,JN587328,EU437163,NA,3,TRUE,TRUE
Oxalis_idimae,Richetti70,OQ623652,OR099854,NA,OR099878,NA,NA,NA,NA,NA,3,TRUE,FALSE
Oxalis_imbricata,Oberlander0062,EU436896,NA,NA,EU437056,NA,NA,NA,EU437184,NA,3,TRUE,FALSE
Oxalis_impatiens,Bilk382a,OQ310878,OQ295999,NA,OQ296025,NA,NA,NA,NA,NA,3,TRUE,FALSE
Oxalis_incana,HeiblPfanzelt05-045,JN634736,NA,JN620095,JN620132,NA,JN607483,JN587329,JN627227,NA,6,TRUE,FALSE
Oxalis_incarnata,Emshwiller149,JN618509,JN836791,JN836863,JN639542,NA,NA,NA,NA,NA,4,TRUE,TRUE
Oxalis_inconspicua,Dreyer707,EU436944,NA,NA,EU437086,NA,NA,NA,EU437230,NA,3,TRUE,FALSE
Oxalis_inopinata,Fiaschi5544,OR964281,OR966574,NA,OR966575,NA,NA,NA,NA,NA,3,TRUE,TRUE
Oxalis_itamarajuensis,Fiaschi4657,OQ310895,OQ296015,NA,OQ296043,NA,NA,NA,NA,NA,3,TRUE,FALSE
Oxalis_itatingae,Fiaschi4472,PQ536098,PQ585599,NA,PQ585615,NA,NA,NA,NA,NA,3,TRUE,FALSE
Oxalis_jacobinensis,Cabral226,PQ536099,PQ585590,NA,PQ585607,NA,NA,NA,NA,NA,3,TRUE,FALSE
Oxalis_jacquiniana,Gardner43,JN618535,JN836830,JN836898,JN639569,NA,NA,NA,NA,NA,4,TRUE,FALSE
Oxalis_johnstonii,Heibl01-080,NA,NA,JN620096,JN620133,NA,JN607484,NA,NA,NA,3,FALSE,FALSE
Oxalis_kamiesbergensis,MO592cfkamiebergensis,EU436970,NA,NA,EU437102,NA,NA,NA,EU437256,NA,3,TRUE,FALSE
Oxalis_kantoensis,Aoki25,LC206033,LC206141,LC206248,LC206355,NA,NA,NA,NA,NA,4,TRUE,FALSE
Oxalis_knuthiana,Dreyer721,EU436884,NA,NA,AJ582325,NA,NA,NA,EU437173,NA,3,TRUE,TRUE
Oxalis_kollmannii,Vasques53,PQ536100,PQ585591,NA,PQ585608,NA,NA,NA,NA,NA,3,TRUE,FALSE
Oxalis_kuhlmannii,Fiaschi4662,OQ310880,OQ296001,NA,OQ296027,NA,NA,NA,NA,NA,3,TRUE,FALSE
Oxalis_laciniata,HeiblMunozToro04-047,JN634737,NA,JN620097,JN620134,NA,NA,NA,JN627228,NA,4,TRUE,TRUE
Oxalis_lanata,Dreyer751,EU437027,NA,NA,EU437125,NA,NA,NA,NA,NA,2,TRUE,FALSE
Oxalis_lasiandra,Gardner69,JN618537,JN836831,JN836899,JN639570,NA,NA,NA,NA,NA,4,TRUE,FALSE
Oxalis_lasiopetala,Vaio87,KX249626,KX249666,KX249652,KX249651,NA,NA,NA,NA,NA,4,TRUE,FALSE
Oxalis_lasiorrhiza,MO1555,KM594529,NA,NA,NA,NA,NA,NA,NA,NA,1,TRUE,FALSE
Oxalis_lateriflora,Dreyer651,EU436890,NA,NA,EU437051,NA,NA,NA,NA,NA,2,TRUE,FALSE
Oxalis_latifolia,Gardner38,JN618539,JN836834,JN836902,JN639573,NA,NA,NA,NA,NA,4,TRUE,FALSE
Oxalis_laxa,Zuloaga12428,MH220866,NA,NA,NA,NA,MH998367,NA,NA,NA,2,TRUE,FALSE
Oxalis_laxa_subsp_hispidissima,Emshwiller1111,JN603195,NA,JN836855,JN639539,NA,NA,NA,NA,NA,3,TRUE,FALSE
Oxalis_laxa_var_hispidissima,Heibl02-027,JN634739,NA,JN620099,JN620136,NA,NA,JN587333,JN627230,NA,5,TRUE,FALSE
Oxalis_laxa_var_laxa,Heibl03-091,JN634738,NA,JN620098,JN620135,NA,JN607486,JN587332,JN627229,NA,6,TRUE,FALSE
Oxalis_leonii,Costa122,OQ310892,OQ296012,NA,OQ296040,NA,NA,NA,NA,NA,3,TRUE,TRUE
Oxalis_leptocalyx,Oberlander0076,EU437001,NA,NA,EU437113,NA,NA,NA,EU437287,NA,3,TRUE,FALSE
Oxalis_leptogramma,Dreyer617,EU437014,NA,NA,AJ582327,NA,NA,NA,EU437300,NA,3,TRUE,TRUE
Oxalis_leucolepis,Aoki420,LC206073,LC206181,LC206288,LC206395,NA,NA,NA,NA,NA,4,TRUE,FALSE
Oxalis_lichenoides,Dreyer785,EU436919,NA,NA,AJ582328,NA,NA,NA,EU437207,NA,3,TRUE,TRUE
Oxalis_linarantha,Wasum3369,JN618508,JN618508,JN836862,JN639541,NA,NA,NA,NA,NA,3,TRUE,TRUE
Oxalis_linearis,Dreyer679,EU436972,NA,NA,AJ582329,NA,NA,NA,EU437258,NA,3,TRUE,TRUE
Oxalis_livida,Oberlander0078,EU436889,NA,NA,EU437050,NA,NA,NA,NA,NA,2,TRUE,FALSE
Oxalis_lomana,Heibl04-055,JN634740,NA,JN620100,NA,NA,NA,JN587311,NA,NA,3,TRUE,FALSE
Oxalis_longissima,Emshwiller64/247,U74270,NA,NA,NA,NA,NA,NA,NA,NA,1,TRUE,FALSE
Oxalis_loricata,HeiblPfanzelt05-006,JN634741,NA,NA,JN620137,NA,JN607487,JN587312,NA,NA,4,TRUE,FALSE
Oxalis_lotoides,Emshwiller789,NA,NA,NA,NA,AF470241,NA,NA,NA,NA,1,FALSE,FALSE
Oxalis_louisae,Dreyer708,EU436928,NA,NA,AJ582330,NA,NA,NA,EU437215,NA,3,TRUE,TRUE
Oxalis_lucumayensis_subsp_lucumayensis,Emshwiller485,NA,NA,NA,NA,AF470248,NA,NA,NA,NA,1,FALSE,FALSE
Oxalis_lucumayensis_subsp_subiens,Emshwiller289,NA,NA,NA,NA,AF470250,NA,NA,NA,NA,1,FALSE,FALSE
Oxalis_luteola,Oberlander0026,EU436904,NA,NA,AJ582331,NA,NA,NA,EU437192,NA,3,TRUE,FALSE
Oxalis_macrocarpa,Gardner49,JN618556,JN836819,JN836888,JN639558,NA,NA,NA,NA,NA,4,TRUE,FALSE
Oxalis_magellanica,HeiblBotGardenMunich02,JN634742,NA,JN620101,JN620138,NA,JN607488,JN587313,JN627231,NA,6,TRUE,FALSE
Oxalis_magnifica,Gardner68,JN618557,JN836839,JN836907,JN639578,NA,NA,NA,NA,NA,4,TRUE,FALSE
Oxalis_mandioccana,Fiaschi4660,OQ310882,OQ296002,NA,OQ296029,NA,NA,NA,NA,NA,3,TRUE,FALSE
Oxalis_martiana,Emshwiller445,U74290,NA,NA,NA,NA,NA,NA,NA,NA,1,TRUE,FALSE
Oxalis_massoniana,Holmes0016,EU437015,NA,NA,EU437120,NA,NA,NA,EU437301,NA,3,TRUE,FALSE
Oxalis_matancillae,HeiblMunozToro04-023,NA,NA,NA,NA,NA,NA,JN587334,NA,NA,1,FALSE,FALSE
Oxalis_medicaginea,Emshwiller809,NA,NA,NA,NA,AF470240,NA,NA,NA,NA,1,FALSE,FALSE
Oxalis_megalorrhiza,KrausK-139,JN634743,NA,JN620102,JN620139,NA,NA,NA,JN627232,NA,4,TRUE,FALSE
Oxalis_meisneri,Oberlander0088,EU436993,NA,NA,EU437110,NA,NA,NA,EU437279,NA,3,TRUE,FALSE
Oxalis_melanosticta,Dreyer622,EU436901,NA,NA,AJ582332,NA,NA,NA,EU437189,NA,3,TRUE,TRUE
Oxalis_melilotoides,Emshwiller190,U74271,NA,NA,NA,NA,NA,NA,NA,NA,1,TRUE,FALSE
Oxalis_micrantha,Heibl03-092,JN634744,NA,NA,JN620140,NA,JN607490,NA,JN627233,NA,4,TRUE,TRUE
Oxalis_minuta,Dreyer727,EU437028,NA,NA,AJ582334,NA,NA,NA,NA,NA,2,TRUE,FALSE
Oxalis_minuta_var_callosa,KumwendaDreyer1,NA,NA,NA,AJ582333,NA,NA,NA,NA,NA,1,FALSE,FALSE
Oxalis_minuta_var_minuta,Dreyer727,NA,NA,NA,AJ582334,NA,NA,NA,NA,NA,1,FALSE,FALSE
Oxalis_mollissima,Emshwiller359/x415,U74272,NA,NA,NA,NA,NA,NA,NA,NA,1,TRUE,FALSE
Oxalis_monochasiata,Fiaschi4585,PQ536101,PQ585592,NA,PQ585609,NA,NA,NA,NA,NA,3,TRUE,FALSE
Oxalis_monophylla,DreyerOberlander0003,EU436927,NA,NA,AJ582335,NA,NA,NA,EU437214,NA,3,TRUE,TRUE
Oxalis_monticola,Vaio20,KX249630,KX249667,KX249656,KX249655,NA,NA,NA,NA,NA,4,TRUE,FALSE
Oxalis_morelosii,Perez4856,JN618558,JN836840,JN836908,JN639579,NA,NA,NA,NA,NA,4,TRUE,FALSE
Oxalis_morenoensis,Heibl01-009,JN634745,NA,NA,JN620141,NA,JN607491,NA,NA,NA,3,TRUE,FALSE
Oxalis_multicaulis,Oberlander0080,EU436998,NA,NA,EU437112,NA,NA,NA,EU437284,NA,3,TRUE,FALSE
Oxalis_muscoides,Zuloaga12256,MH220856,NA,NA,NA,NA,MH998369,NA,NA,NA,2,TRUE,FALSE
Oxalis_nahuelhuapiensis,Pfanzelt227,NA,NA,NA,NA,NA,JN607492,NA,JN627234,NA,2,FALSE,FALSE
Oxalis_namaquana,Dreyer713,EU436941,NA,NA,AJ582336,NA,NA,NA,EU437228,NA,3,TRUE,TRUE
Oxalis_natans,Oberlander0160,EU437009,NA,NA,EU437117,NA,NA,NA,EU437295,NA,3,TRUE,FALSE
Oxalis_nelsonii,Gardner66,JN618559,JN836841,JN836909,JN639580,NA,NA,NA,NA,NA,4,TRUE,TRUE
Oxalis_neuwiedii,EMA1336,MH705072,MH705094,MH705086,MH705078,NA,NA,NA,NA,NA,4,TRUE,FALSE
Oxalis_nidulans,Dreyer752,EU437026,NA,NA,AJ582337,NA,NA,NA,EU437312,NA,3,TRUE,TRUE
Oxalis_niederleinii,Vaio190,KC602018,KC602044,KC602098,KC602071,NA,NA,NA,NA,NA,4,TRUE,FALSE
Oxalis_nivea,MO1462,JQ716441,NA,NA,NA,NA,NA,NA,JQ716445,NA,2,TRUE,FALSE
Oxalis_nortieri,Oberlander0112,EU436914,NA,NA,EU437068,NA,NA,NA,EU437202,NA,3,TRUE,FALSE
Oxalis_novemfoliolata,Heibl01-078,NA,NA,NA,JN620142,NA,JN607493,NA,NA,NA,2,FALSE,FALSE
Oxalis_nubigena,Emshwiller345,NA,NA,NA,NA,AF470267,NA,NA,NA,NA,1,FALSE,FALSE
Oxalis_obliquifolia,Bellstedt711,EU436915,NA,NA,EU437069,NA,NA,NA,EU437203,NA,3,TRUE,FALSE
Oxalis_oblongiformis,Emshwiller797,NA,NA,NA,NA,AF470260,NA,NA,NA,NA,1,FALSE,FALSE
Oxalis_obtriangulata,JNU140,DQ151555,NA,NA,NA,NA,NA,NA,NA,NA,1,TRUE,FALSE
Oxalis_obtusa,Dreyer691,EU436922,NA,NA,AJ582338,NA,NA,NA,EU437210,NA,3,TRUE,TRUE
Oxalis_occulta,Fiaschi5058,OQ310894,OQ296014,NA,OQ296042,NA,NA,NA,NA,NA,3,TRUE,TRUE
Oxalis_oculifera,Dreyer799,EU436953,NA,NA,AJ582339,NA,NA,NA,EU437239,NA,3,TRUE,TRUE
Oxalis_oligophylla,Dreyer797,EU437023,NA,NA,AJ582340,NA,NA,NA,EU437309,NA,3,TRUE,TRUE
Oxalis_orbicularis,Oberlander0066,EU436899,NA,NA,EU437058,NA,NA,NA,EU437187,NA,3,TRUE,FALSE
Oxalis_oregana,Olmstead2003-33,JN159893,JN836782,JN836852,JN639536,NA,NA,NA,NA,NA,4,TRUE,TRUE
Oxalis_oreocharis,Emshwiller583,JN618561,JN836843,JN836911,EU437142,NA,NA,NA,NA,NA,4,TRUE,FALSE
Oxalis_oreophila,Dreyer666,EU436975,NA,NA,AJ582341,NA,NA,NA,EU437261,NA,3,TRUE,TRUE
Oxalis_ornithopus,HeiblMunozToro04-015,NA,NA,JN620104,NA,NA,JN607494,NA,JN627235,NA,3,FALSE,FALSE
Oxalis_ortgiesii,Emshwiller458,U74273,NA,NA,NA,AF098984,NA,NA,NA,NA,1,TRUE,TRUE
Oxalis_orthopoda,Oberlander0068,EU436956,NA,NA,EU437093,NA,NA,NA,EU437242,NA,3,TRUE,FALSE
Oxalis_oulophora,Emshwiller308,U74274,NA,NA,NA,AF098978,NA,NA,NA,NA,1,TRUE,TRUE
Oxalis_pachyrrhiza,Weigend8479,JN634747,NA,JN620105,JN620144,NA,JN607495,JN587316,NA,NA,5,TRUE,FALSE
Oxalis_pallens,Dreyer654,EU436997,NA,NA,AJ582342,NA,NA,NA,EU437283,NA,3,TRUE,TRUE
Oxalis_palmifrons,Holmes0019,EU437021,NA,NA,EU437124,NA,NA,NA,EU437307,NA,3,TRUE,FALSE
Oxalis_paludosa,Vaio479,KC602011,KC602040,KC602092,KC602066,NA,NA,NA,NA,NA,4,TRUE,FALSE
Oxalis_pampeana,Nuernberg1875,OQ623640,OR099838,NA,OR099865,NA,NA,NA,NA,NA,3,TRUE,FALSE
Oxalis_paposana,Heibl03-062,JN634748,NA,JN620106,JN620145,NA,JN607496,NA,NA,NA,4,TRUE,FALSE
Oxalis_paranaensis,VaioC2,KC602024,KC602049,KC602103,KC602076,NA,NA,NA,NA,NA,4,TRUE,FALSE
Oxalis_pardoensis,Caxambu5990,OL998717,NA,NA,NA,NA,NA,NA,NA,NA,1,TRUE,FALSE
Oxalis_paucartambensis,Emshwiller548,NA,NA,NA,NA,AF470253,NA,NA,NA,NA,1,FALSE,FALSE
Oxalis_peduncularis,Emshwiller418,U74276,NA,NA,NA,NA,NA,NA,NA,NA,1,TRUE,FALSE
Oxalis_peduncularis_var_pilosa,Emshwiller791,NA,NA,NA,NA,AF470265,NA,NA,NA,NA,1,FALSE,FALSE
Oxalis_pendulifolia,Oberlander0067,EU437019,NA,NA,EU437122,NA,NA,NA,EU437305,NA,3,TRUE,FALSE
Oxalis_penicillata,HeiblPfanzelt05-032,JN634749,NA,JN620107,NA,NA,NA,JN587336,JN627237,NA,4,TRUE,TRUE
Oxalis_perdicaria,HeiblBotGardenMunich03,JN634750,NA,JN620108,JN620147,NA,NA,JN587337,NA,NA,4,TRUE,FALSE
Oxalis_pes-caprae,Aoki6,LC206097,LC206204,LC206311,LC206418,NA,NA,NA,NA,NA,4,TRUE,FALSE
Oxalis_petricola,MO1472,JQ716439,NA,NA,NA,NA,NA,NA,JQ716444,NA,2,TRUE,FALSE
Oxalis_petrophila,Emshwiller933,NA,NA,NA,NA,AF470266,NA,NA,NA,NA,1,FALSE,FALSE
Oxalis_phloxidiflora,Dreyer678,EU436984,NA,NA,EU437106,NA,NA,NA,EU437270,NA,3,TRUE,FALSE
Oxalis_physocalyx,Melo6953,OQ310888,OQ296009,NA,OQ296036,NA,NA,NA,NA,NA,3,TRUE,TRUE
Oxalis_picchensis,Emshwiller500,NA,NA,NA,NA,AF470257,NA,NA,NA,NA,1,FALSE,FALSE
Oxalis_pillansiana,Oberlander0135,EU436938,NA,NA,EU437082,NA,NA,NA,EU437225,NA,3,TRUE,FALSE
Oxalis_pinguiculacea,Wood22147,JN618562,JN836818,JN836887,JN639557,NA,NA,NA,NA,NA,4,TRUE,FALSE
Oxalis_pocockiae,Dreyer626,EU436911,NA,NA,AJ582344,NA,NA,NA,EU437199,NA,3,TRUE,TRUE
Oxalis_polymorpha_var_cauliflora,Richetti70,OQ623652,OR099854,NA,OR099878,NA,NA,NA,NA,NA,3,TRUE,FALSE
Oxalis_polyphylla,Cilliers0002,EU437010,NA,NA,AJ582345,NA,NA,NA,EU437296,NA,3,TRUE,FALSE
Oxalis_polyrhiza,Emshwiller960,NA,NA,NA,NA,AF470316,NA,NA,NA,NA,1,FALSE,FALSE
Oxalis_porphyriosiphon,Oberlander0167,EU436987,NA,NA,EU437107,NA,NA,NA,EU437273,NA,3,TRUE,FALSE
Oxalis_praetexta,Cabral159,OQ310889,OQ296010,NA,OQ296037,NA,NA,NA,NA,NA,3,TRUE,FALSE
Oxalis_primavera,Gardner50,JN618563,JN836844,JN836912,JN639582,NA,NA,NA,NA,NA,4,TRUE,FALSE
Oxalis_primuloides,Dreyer711,EU436966,NA,NA,AJ582346,NA,NA,NA,EU437252,NA,3,TRUE,TRUE
Oxalis_pseudocernua,Craven4781,EU436880,NA,NA,EU437045,NA,NA,NA,EU437169,NA,3,TRUE,FALSE
Oxalis_psilopoda,Oberlander0064,EU436891,NA,NA,EU437052,NA,NA,NA,EU437179,NA,3,TRUE,FALSE
Oxalis_psoraleoides,Felix14001,KC602030,KC602054,KC602109,EU437128,NA,NA,NA,NA,NA,4,TRUE,FALSE
Oxalis_psoraleoides_subsp_insipida,Antar1317,NA,OR099856,NA,OR099880,NA,NA,NA,NA,NA,2,FALSE,FALSE
Oxalis_ptychoclada,Emshwiller916,JN603197,JN836786,JN836857,EU437134,NA,NA,NA,NA,NA,4,TRUE,TRUE
Oxalis_ptychoclada_var_trichocarpa,Emshwiller600,NA,NA,NA,NA,AF470262,NA,NA,NA,NA,1,FALSE,FALSE
Oxalis_puberula,Rhoden7,PQ536102,PQ585596,NA,PQ585612,NA,NA,NA,NA,NA,3,TRUE,FALSE
Oxalis_pulchella,Dreyer612,EU436907,NA,NA,AJ582347,NA,NA,NA,EU437195,NA,3,TRUE,TRUE
Oxalis_punctata,Cilliers0005,EU436917,NA,NA,AJ582367,NA,NA,NA,EU437205,NA,3,TRUE,FALSE
Oxalis_purpurascens,Dreyer634,EU436881,NA,NA,AJ582348,NA,NA,NA,EU437170,NA,3,TRUE,TRUE
Oxalis_purpurata,MO1118,FJ426283,NA,NA,NA,NA,NA,NA,NA,NA,1,TRUE,FALSE
Oxalis_purpurea,Oberlander0024,EU436902,NA,NA,AJ582349,NA,NA,NA,EU437190,NA,3,TRUE,TRUE
Oxalis_pusilla,Dreyer746,EU437004,NA,NA,AJ582350,NA,NA,NA,EU437290,NA,3,TRUE,TRUE
Oxalis_pycnophylla,Heibl01-005,NA,NA,NA,JN620148,NA,JN607498,JN587318,NA,NA,3,FALSE,FALSE
Oxalis_pyrenea_var_macrochaeta,Cabral96,OQ623651,OR099858,NA,OR099881,NA,NA,NA,NA,NA,3,TRUE,TRUE
Oxalis_pyrenea_var_pyrenea,Sartor65,PP175927,PP179509,NA,PP179513,NA,NA,NA,NA,NA,3,TRUE,FALSE
Oxalis_reclinata,Dreyer718,EU436968,NA,NA,AJ582351,NA,NA,NA,EU437254.,NA,3,TRUE,TRUE
Oxalis_recticaulis,Oberlander0170,EU437003,NA,NA,EU437115,NA,NA,NA,EU437289,NA,3,TRUE,FALSE
Oxalis_refracta,Vaio496,KC602019,KC602045,KC602099,KC602072,NA,NA,NA,NA,NA,4,TRUE,FALSE
Oxalis_regnellii,Emshwiller456,U74279,NA,NA,NA,NA,NA,NA,NA,NA,1,TRUE,FALSE
Oxalis_rhombeo-ovata,Melo4750,PQ536103,PQ585597,NA,PQ585613,NA,NA,NA,NA,NA,3,TRUE,FALSE
Oxalis_ricardii,Heibl01-072,NA,NA,JN620109,NA,NA,NA,JN587319,NA,NA,2,FALSE,FALSE
Oxalis_rigida,Heibl03-096,NA,NA,NA,JN620149,NA,JN607499,NA,NA,NA,2,FALSE,FALSE
Oxalis_rosea,Lammers7916,JN603194,JN836784,JN836854,JN639538,NA,NA,NA,JN627238,NA,4,TRUE,TRUE
Oxalis_roselata,Rhoden16,PQ536104,PQ585586,NA,PQ585603,NA,NA,NA,NA,NA,3,TRUE,FALSE
Oxalis_rosettifolia,JQ716442,JQ716446,NA,NA,NA,NA,NA,NA,,NA,2,TRUE,FALSE
Oxalis_rubricallosa,MO1461,JQ716438,NA,NA,NA,NA,NA,NA,JQ716443,NA,2,TRUE,FALSE
Oxalis_salteri,Dreyer784,EU436932,NA,NA,AJ582352,NA,NA,NA,EU437219,NA,3,TRUE,TRUE
Oxalis_sarmentosa,VaioC13,KC602022,KC602048,KC602102,KC602075,NA,NA,NA,NA,NA,4,TRUE,FALSE
Oxalis_sciophila,Costa118,OQ310890,OQ296011,NA,OQ296039,NA,NA,NA,NA,NA,3,TRUE,TRUE
Oxalis_sellowiana,Vaio73,JN836780,JN836805,JN836875,JN836759,NA,NA,NA,NA,NA,4,TRUE,TRUE
Oxalis_sellowiana_forma_alba,Vaio282,JN836779,JN836809,JN836879,JN836763,NA,NA,NA,NA,NA,4,TRUE,FALSE
Oxalis_sellowii,Cabral109,OQ623655,OR099860,NA,OR099883,NA,NA,NA,NA,NA,3,TRUE,TRUE
Oxalis_serpens,VaioC27,KC602017,KC602043,KC602097,KC602070,NA,NA,NA,NA,NA,4,TRUE,FALSE
Oxalis_setosa,Bellstedt770,EU436916,NA,NA,EU437070,NA,NA,NA,EU437204,NA,3,TRUE,FALSE
Oxalis_smalliana,Brinegar,MW843007,MW863663,NA,NA,NA,NA,NA,NA,NA,2,TRUE,FALSE
Oxalis_smithiana,Bellstedt699,EU436964,NA,NA,EU437099,NA,NA,NA,EU437250,NA,3,TRUE,FALSE
Oxalis_sonderiana,Dreyer694,EU436945,NA,NA,EU437087,NA,NA,NA,EU437231,NA,3,TRUE,FALSE
Oxalis_sp,Mannheimer2591,EU436885,NA,NA,EU437047,NA,NA,NA,EU437174,NA,3,TRUE,FALSE
Oxalis_sp_aff_ptychoclada,Emshwiller916,NA,NA,NA,NA,AF470251,NA,NA,NA,NA,1,FALSE,FALSE
Oxalis_sp_Betete,Vaio297,KX249631,KX249668,KX249658,KX249657,NA,NA,NA,NA,NA,4,TRUE,FALSE
Oxalis_sp_Cuervos,Vaio294,KX249632,KX249669,KX249660,KX249659,NA,NA,NA,NA,NA,4,TRUE,FALSE
Oxalis_sp_n_A,Emshwiller504,NA,NA,NA,NA,AF470252,NA,NA,NA,NA,1,FALSE,FALSE
Oxalis_sp_n_C,Emshwiller592,NA,NA,NA,NA,AF470246,NA,NA,NA,NA,1,FALSE,FALSE
Oxalis_sp_n_V,Emshwiller807,NA,NA,NA,NA,AF470261,NA,NA,NA,NA,1,FALSE,FALSE
Oxalis_spiralis,Aoki85,LC206110,LC206217,LC206324,LC206431,NA,NA,NA,NA,NA,4,TRUE,FALSE
Oxalis_squamata,HeiblPfanzelt05-027,JN634752,NA,JN620110,NA,NA,NA,JN587339,NA,NA,3,TRUE,TRUE
Oxalis_squarrosa,Arancio14804,NA,NA,NA,NA,NA,JN607502,JN587340,NA,NA,2,FALSE,FALSE
Oxalis_staffordiana,Emshwiller512,NA,NA,NA,NA,AF470314,NA,NA,NA,NA,1,FALSE,FALSE
Oxalis_stellata,Oberlander0086,EU436894,NA,NA,EU437054,NA,NA,NA,EU437182,NA,3,TRUE,FALSE
Oxalis_stenopetala,Dreyer675,EU436983,NA,NA,AJ582353,NA,NA,NA,EU437269,NA,3,TRUE,TRUE
Oxalis_stenoptera,Oberlander0138,EU436934,NA,NA,EU437079,NA,NA,NA,EU437221,NA,3,TRUE,FALSE
Oxalis_stictocheila,Dreyer749,EU436996,NA,NA,AJ582355,NA,NA,NA,EU437282,NA,3,TRUE,TRUE
Oxalis_stricta,GardnerstrictaB,NA,KC602037,KC602089,KC602061,NA,NA,NA,NA,NA,3,FALSE,FALSE
Oxalis_strigosa,Oberlander0093,EU436959,NA,NA,EU437096,NA,NA,NA,EU437245,NA,3,TRUE,FALSE
Oxalis_suavis,Oberlander0075,EU436937,NA,NA,EU437081,NA,NA,NA,EU437224,NA,3,TRUE,FALSE
Oxalis_subacaulis,Salomon245,MH220865,NA,NA,NA,NA,MH998373,NA,NA,NA,2,TRUE,FALSE
Oxalis_subintegra,Emshwiller799,NA,NA,NA,NA,AF470242,NA,NA,NA,NA,1,FALSE,FALSE
Oxalis_suborbiculata,Cabral110,OQ623656,OR099861,NA,OR099884,NA,NA,NA,NA,NA,3,TRUE,TRUE
Oxalis_suteroides,Oberlander0115,EU436963,NA,NA,EU437098,NA,NA,NA,EU437249,NA,3,TRUE,FALSE
Oxalis_tabaconasensis,Emshwiller786,NA,NA,NA,NA,AF470264,NA,NA,NA,NA,1,FALSE,FALSE
Oxalis_taimonii,Wang4456,LC206081,LC215384,NA,NA,NA,NA,NA,NA,NA,2,TRUE,FALSE
Oxalis_tenella,Dreyer639,EU436978,NA,NA,AJ582356,NA,NA,NA,EU437264,NA,3,TRUE,TRUE
Oxalis_teneriensis,Emshwiller511,NA,NA,NA,NA,AF470315,NA,NA,NA,NA,1,FALSE,FALSE
Oxalis_tenerrima,VaioC30,KC602012,KC602041,KC602093,KC602067,NA,NA,NA,NA,NA,4,TRUE,FALSE
Oxalis_tenuifolia,Oberlander0027,EU436995,NA,NA,EU437112,NA,NA,NA,EU437281,NA,3,TRUE,FALSE
Oxalis_tenuipes,Dreyer800,EU436986,NA,NA,AJ582358,NA,NA,NA,EU437271,NA,3,TRUE,TRUE
Oxalis_tenuis,Dreyer793,EU436989,NA,NA,AJ582359,NA,NA,NA,EU437275,NA,3,TRUE,TRUE
Oxalis_tetraphylla,EmshwillerDEPP,JN618566,JN836847,JN836914,JN639585,NA,NA,NA,NA,NA,4,TRUE,FALSE
Oxalis_tomentosa,Roller0006,EU437022,NA,NA,AJ582360,NA,NA,NA,EU437308,NA,3,TRUE,FALSE
Oxalis_tortuosa,KrausK-94,JN634754,NA,JN620111,NA,NA,JN607503,JN587341,JN627240,NA,5,TRUE,FALSE
Oxalis_triangularis,Emshwiller456,JN618512,JN836793,NA,EU437141,NA,NA,NA,NA,NA,3,TRUE,FALSE
Oxalis_triangularis_subsp_papilionacea,Emshwiller456,JN618512,JN836793,JN836864,EU437141,NA,NA,NA,NA,NA,4,TRUE,TRUE
Oxalis_triangularis_subsp_triangularis,MO1165,FJ410328,NA,NA,NA,NA,NA,NA,NA,NA,1,TRUE,TRUE
Oxalis_triangulata,Aoki34,LC206052,LC206160,LC206267,LC206374,NA,NA,NA,NA,NA,4,TRUE,FALSE
Oxalis_trillifolia,MO275113,LC368450,LC368452,LC368453,LC368454,NA,NA,NA,NA,NA,4,TRUE,FALSE
Oxalis_trollii,Wood22158,JN618569,JN836849,JN836916,JN639587,NA,NA,NA,NA,NA,4,TRUE,FALSE
Oxalis_truncatula,Dreyer605,EU436960,NA,NA,AJ582361,NA,NA,NA,EU437246,NA,3,TRUE,TRUE
Oxalis_tuberosa,Emshwiller97:50-02,JN603198,JN836787,KC602104,KC602077,NA,NA,NA,NA,NA,4,TRUE,FALSE
Oxalis_uliginosa,MO394uliginosa,EU436933,NA,NA,EU437078,NA,NA,NA,EU437220,NA,3,TRUE,FALSE
Oxalis_umbraticola,Richetti69,PQ536105,PQ585600,NA,PQ585616,NA,NA,NA,NA,NA,3,TRUE,FALSE
Oxalis_unduavensis,Emshwiller168/291/351,U74260,NA,NA,NA,NA,NA,NA,NA,NA,1,TRUE,FALSE
Oxalis_urbaniana,Bytebier2015,EU436999,NA,NA,AJ582362,NA,NA,NA,EU437285,NA,3,TRUE,FALSE
Oxalis_valdiviensis,HeiblPfanzelt05-016,JN634755,NA,JN620112,JN620152,NA,NA,JN587342,EU437162,NA,4,TRUE,TRUE
Oxalis_veadeirosensis,Fiaschi5330,PQ847009,PQ846557,NA,PQ846558,NA,NA,NA,NA,NA,3,TRUE,FALSE
Oxalis_versicolor,Oberlander0034,EU437006,NA,NA,AJ582363,NA,NA,NA,EU437292,NA,3,TRUE,TRUE
Oxalis_villosula,UnknownN,Z66547,NA,NA,NA,NA,NA,NA,NA,NA,1,TRUE,FALSE
Oxalis_violacea,GardnerAGVIO1,JN618570,JN836850,JN836917,JN639588,NA,NA,NA,NA,NA,4,TRUE,FALSE
Oxalis_virgata,Emshwiller292,U74267,NA,NA,EU437131,NA,NA,NA,NA,NA,2,TRUE,FALSE
Oxalis_virginea,MO580virginea,EU436955,NA,NA,EU437092,NA,NA,NA,EU437241,NA,3,TRUE,FALSE
Oxalis_virgosa,Ehrhart6-134,NA,NA,NA,JN620153,NA,NA,JN587343,NA,NA,2,FALSE,FALSE
Oxalis_viscosa,Dreyer642,EU436949,NA,NA,AJ582364,NA,NA,NA,EU437235,NA,3,TRUE,TRUE
Oxalis_vulcanicola,MO702cfhedysaroides,EU436872,NA,NA,EU437038,NA,NA,NA,EU437161,NA,3,TRUE,FALSE
Oxalis_weberbaueri,Emshwiller746,NA,NA,NA,NA,AF470259,NA,NA,NA,NA,1,FALSE,FALSE
Oxalis_wulingensis,Deng544,JX445132,NA,NA,NA,NA,NA,NA,NA,NA,1,TRUE,FALSE
Oxalis_xantha,Dreyer671,EU436980,NA,NA,AJ582365,NA,NA,NA,EU437266,NA,3,TRUE,TRUE
Oxalis_yungasensis,Emshwiller437/350,U74286,NA,NA,NA,NA,NA,NA,NA,NA,1,TRUE,FALSE
Oxalis_zamorana,Balslev6515,OQ623657,NA,NA,OR099886,NA,NA,NA,NA,NA,2,TRUE,FALSE
Oxalis_zeekoevleyensis,Oberlander0012,EU436900,NA,NA,EU437059,NA,NA,NA,EU437188,NA,3,TRUE,FALSE
Oxalis_zeyheri,MO590cfzeyheri,EU436962,NA,NA,EU437097,NA,NA,NA,EU437248,NA,3,TRUE,FALSE
